TITLE,DESCRIPTION,PRICE,CURRENCY_CODE,QUANTITY,TAGS,MATERIALS,IMAGE1,IMAGE2,IMAGE3,IMAGE4,IMAGE5,"VARIATION 1 TYPE","VARIATION 1 NAME","VARIATION 1 VALUES","VARIATION 2 TYPE","VARIATION 2 NAME","VARIATION 2 VALUES"
"Gold Champagne Sequin Bolero Shrug Formal Wedding or Bridal Party, Holiday - Classic and Simple - EcoFriendly - SALLY","Shop Policies: 
https://www.etsy.com/shop/Kulayan/policy?ref=shopinfo_policies_leftnav 

The Sally is chic, classic and simple. It features gold sequins on a lined cropped shrug with a curved front. The sleeves are angled for a more modern look. The perfect addition to any holiday or special occasion outfit! It is lined in a white jersey fabric for added comfort. 

Last photo by www.luminaireimages.com/

●●●●●●●●●●●●●●●●●●●●●●●●●●●●●●●●●●●●●●●●●●●●●●●●●●●●●●●●●●●●●●

SIZING

Bust; Waist; Hip
XS ----- 32, 26, 34
S ----- 34, 28, 36
M ----- 36, 30, 38
L ----- 38, 32, 40 
XL ----- 40, 34, 42

Many of my items include spandex and can therefore accommodate slightly larger or smaller body measurements. Please use these body measurements as a general outline :)

●●●●●●●●●●●●●●●●●●●●●●●●●●●●●●●●●●●●●●●●●●●●●●●●●●●●●●●●●●●●●●

●● MAILING LIST ●● 
Convo us your email address to receive occasional newsletters with exclusive discounts!

POLICIES PAGE
https://www.etsy.com/shop/Kulayan/policy?ref=shopinfo_policies_leftnav

BROWSE THE REST OF OUR SHOP HERE:
https://www.etsy.com/shop/Kulayan?ref=si_shop",80,USD,10,"Clothing,Sweater,Shrug,classic,cropped,sequin_sequined,formal,ecofriendly,matte,fitted_bolero,womens_shrug,bridal_shurg,wedding_bolero,gold_bolero,champagne_bolero,white","sequins,thread,modal jersey",https://img1.etsystatic.com/038/1/5635488/il_fullxfull.532608371_46jy.jpg,https://img0.etsystatic.com/022/0/5635488/il_fullxfull.532524002_6sdp.jpg,https://img0.etsystatic.com/024/0/5635488/il_fullxfull.492215598_cgim.jpg,https://img0.etsystatic.com/018/0/5635488/il_fullxfull.492215682_614h.jpg,https://img1.etsystatic.com/023/0/5635488/il_fullxfull.492269037_3463.jpg,Color,Color,Gold,Size,Size,"XS,S,L,XL"
"Modal EcoFriendly Organic Gray Cowl Neck Womens Blouse, Soft Eco Friendly Jersey Classic Womens Blouse, Navy Gray White - SARA","Shop Policies: 
https://www.etsy.com/shop/Kulayan/policy?ref=shopinfo_policies_leftnav 

The Sara cowl neck blouse is a must have staple! So easy to throw on, with the easy and comfort of a Tshirt but with upgraded style. My versions of the cowl necks are made with ecofriendly and organic fabrics!

Gray + White blouses are made with a super soft featherweight modal jersey. 
Navy and Dark Gray (organic) are made with a bamboo spandex blend. 
Red is made with modal organic cotton spandex blend. 

Gray: XS, S or L
White: XS, S or XL
Navy: XS, S, M, L or XL
Red: XS, S, M, L or XL
Dark Gray (W/ Purple Undertone): L

Interested in more than 1 color? Buy 2 pieces at a discount here:
https://www.etsy.com/listing/163756815/womens-cowl-neck-blouse-ecofriendly?ref=shop_home_active

●●●●●●●●●●●●●●●●●●●●●●●●●●●●●●●●●●●●●●●●●●●●●●●●●●●●●●●●●●●●●●

SIZING

Bust (NOT Bra Size); Waist; Hip
XS ----- 32, 26, 34
S ----- 34, 28, 36
M ----- 36, 30, 38
L ----- 38, 32, 40 
XL ----- 40, 34, 42

Many of my items include spandex and can therefore accommodate slightly larger or smaller body measurements. Please use these body measurements as a general outline :)

●●●●●●●●●●●●●●●●●●●●●●●●●●●●●●●●●●●●●●●●●●●●●●●●●●●●●●●●●●●●●●

●● MAILING LIST ●● 
Convo us your email address to receive occasional newsletters with exclusive discounts!

POLICIES PAGE
https://www.etsy.com/shop/Kulayan/policy?ref=shopinfo_policies_leftnav

BROWSE THE REST OF OUR SHOP HERE:
https://www.etsy.com/shop/Kulayan?ref=si_shop",50,USD,9,"Clothing,Tshirt,Tunic,tshirt,shirt,cowl_neck,gray_grey,ecofriendly,eco_friendly,womens_blouse,classic_blouse,bamboo_clothing,modal_jersey,eco_friendly_womens,clothing,organic","jersey,thread",https://img1.etsystatic.com/020/1/5635488/il_fullxfull.493131207_8os7.jpg,https://img0.etsystatic.com/018/0/5635488/il_fullxfull.492703714_t977.jpg,https://img0.etsystatic.com/031/0/5635488/il_fullxfull.516599636_exvl.jpg,https://img1.etsystatic.com/038/0/5635488/il_fullxfull.516665787_edig.jpg,https://img0.etsystatic.com/020/0/5635488/il_fullxfull.544778926_o1sc.jpg,Color,Color,"Gray,Red,White,Navy,Dark Gray",Size,Size,"XS,S,M,L,XL"
"Womens Fleece Lined Leggings, Stretch Black Pants, Thick and Warm, EcoFriendly Bamboo Fleece - KATYA","Shop Policies: 
https://www.etsy.com/shop/Kulayan/policy?ref=shopinfo_policies_leftnav 

Katya leggings are an everyday classic design made with ecofriendly bamboo spandex fleece leggings for extra warmth. These are about 2.5 times thicker than your standard leggings. These are easy to fit and can stretch to accommodate longer legs. Great for daily use, yoga, or under ski pants for winter sports!

●●●●●●●●●●●●●●●●●●●●●●●●●●●●●●●●●●●●●●●●●●●●●●●●●●●●●●●●●●●●●●

SIZING

Bust (Not Bra Size); Waist; Hip
XS ----- 32, 26, 34
S ----- 34, 28, 36
M ----- 36, 30, 38
L ----- 38, 32, 40 
XL ----- 40, 34, 42

Many of my items include spandex and can therefore accommodate slightly larger or smaller body measurements. Please use these body measurements as a general outline :)

●●●●●●●●●●●●●●●●●●●●●●●●●●●●●●●●●●●●●●●●●●●●●●●●●●●●●●●●●●●●●●

●● MAILING LIST ●● 
Convo us your email address to receive occasional newsletters with exclusive discounts!

POLICIES PAGE
https://www.etsy.com/shop/Kulayan/policy?ref=shopinfo_policies_leftnav

BROWSE THE REST OF OUR SHOP HERE:
https://www.etsy.com/shop/Kulayan?ref=si_shop",70,USD,1,"Clothing,Women,Pants,thick_leggings,fleece_leggings,fleece_lined,womens_fleece,womens_leggings,black_thick_pants,ecofriendly,eco_friendly,fleece_fabric,bamboo_fleece,yoga,tights,thermal_underwear","elastic,fleece,thread",https://img1.etsystatic.com/020/1/5635488/il_fullxfull.544873007_g7x6.jpg,https://img0.etsystatic.com/018/1/5635488/il_fullxfull.492594034_oa9r.jpg,https://img1.etsystatic.com/017/1/5635488/il_fullxfull.492647025_926t.jpg,https://img1.etsystatic.com/032/0/5635488/il_fullxfull.544873031_3p3y.jpg,https://img0.etsystatic.com/022/0/5635488/il_fullxfull.544781226_qq8x.jpg,Size,Size,"XS,S,M,L,XL"
"Gray Eyelet Dress, Womens Day Sun Dress, Eco Friendly Modal, Criss Cross X Back, Lace, Long Knee Length, Also White - TRACY","Shop Policies: 
https://www.etsy.com/shop/Kulayan/policy?ref=shopinfo_policies_leftnav 

The Tracy dress is made with a cotton eyelet lace and lined in an eco friendly modal jersey (the softest you'll ever feel!), this dress is simply a must have classic! The front is cut in a body flattering fit and flare, while the criss cross back provides a little Summer sass! This is a pull on dress with an elastic back and side seam pockets.

* Please note that the Gray version is made to be knee length. It is about 1 1/2 inches longer than the white version. The Model in the photos is 5'4'' *

●●●●●●●●●●●●●●●●●●●●●●●●●●●●●●●●●●●●●●●●●●●●●●●●●●●●●●●●●●●●●●

SIZING

Bust; Waist; Hip
XS ----- 32, 26, 34
S ----- 34, 28, 36
M ----- 36, 30, 38
L ----- 38, 32, 40 
XL ----- 40, 34, 42

Many of my items include spandex and can therefore accommodate slightly larger or smaller body measurements. Please use these body measurements as a general outline :)

●●●●●●●●●●●●●●●●●●●●●●●●●●●●●●●●●●●●●●●●●●●●●●●●●●●●●●●●●●●●●●

●● MAILING LIST ●● 
Convo us your email address to receive occasional newsletters with exclusive discounts!

POLICIES PAGE
https://www.etsy.com/shop/Kulayan/policy?ref=shopinfo_policies_leftnav

BROWSE THE REST OF OUR SHOP HERE:
https://www.etsy.com/shop/Kulayan?ref=si_shop",120,USD,8,"Clothing,Dress,Sundress,womens_dress,cotton,eyelet,lace,semi_formal,criss_cross_back,country_club,vintage_style,classic,ecofriendly,white_eyelet,summer_dress,eco_friendly","eyelet,modal,elastic,thread",https://img0.etsystatic.com/038/1/5635488/il_fullxfull.516872426_ldfm.jpg,https://img1.etsystatic.com/041/0/5635488/il_fullxfull.516932409_6ulj.jpg,https://img0.etsystatic.com/018/4/5635488/il_fullxfull.493717762_i79g.jpg,https://img0.etsystatic.com/022/0/5635488/il_fullxfull.493717802_r8h4.jpg,https://img1.etsystatic.com/020/0/5635488/il_fullxfull.516934103_djku.jpg,Size,Size,"XS,S,M,L",Color,Color,"Gray,White"
"Organic Blouse Button Up Back Hot Pink Fuschia Purple Bright Color Block, Neon, Organic Cotton, Modal Jersey  - CHLOE","Shop Policies: 
https://www.etsy.com/shop/Kulayan/policy?ref=shopinfo_policies_leftnav 

The Chloe blouse features a casual color block pattern, with stylish faux shell gold rimmed buttons at the back. Easy to throw on, comfortable and classic, this will be your go to Tee for Summer! Wear with pride - These blouses are made with an eco friendly jersey!

Pink fabric: 67% bamboo, 27% organic cotton and 6% spandex 
All other colors: 47% modal, 47% organic cotton and 6 %spandex 

Interested in more than 1 color? Buy 2 pieces at a discount here:
https://www.etsy.com/listing/170707958/2-womens-colorblock-tshirts-organic

✦ These blouses are not recommended for customers with long torsos ✦ 

●●●●●●●●●●●●●●●●●●●●●●●●●●●●●●●●●●●●●●●●●●●●●●●●●●●●●●●●●●●●●●

SIZING

Bust (NOT Bra Size); Waist; Hip
XS ----- 32, 26, 34
S ----- 34, 28, 36
M ----- 36, 30, 38
L ----- 38, 32, 40 
XL ----- 40, 34, 42

Many of my items include spandex and can therefore accommodate slightly larger or smaller body measurements. Please use these body measurements as a general outline :)

●●●●●●●●●●●●●●●●●●●●●●●●●●●●●●●●●●●●●●●●●●●●●●●●●●●●●●●●●●●●●●

●● MAILING LIST ●● 
Convo me your email address to receive occasional newsletters with exclusive discounts!

POLICIES PAGE
https://www.etsy.com/shop/Kulayan/policy?ref=shopinfo_policies_leftnav

BROWSE THE REST OF OUR SHOP HERE:
https://www.etsy.com/shop/Kulayan?ref=si_shop",50,USD,9,"Clothing,Shirt,Women,lighweight,color_block,colorblock,purple_violet,casual,work_appropriate,navy,womens_tshirts,button_up_back,womens_blouses,organic,bamboo_jersey,organic_womens","buttons,thread,organic jersey",https://img0.etsystatic.com/042/0/5635488/il_fullxfull.531183066_dr0u.jpg,https://img1.etsystatic.com/024/0/5635488/il_fullxfull.531251855_dd6c.jpg,https://img1.etsystatic.com/019/0/5635488/il_fullxfull.531269037_tgdv.jpg,https://img0.etsystatic.com/019/0/5635488/il_fullxfull.544788276_qxmw.jpg,https://img0.etsystatic.com/027/0/5635488/il_fullxfull.544788292_tc4u.jpg,Size,Size,"S,M,L,XL",Color,Color,"Pink/Purple,Teal/Navy,Red/Navy"
"Organic Cowl Neck, Womens Blouse Eco Friendly Modal Bamboo Cotton Jersey, Dark Gray, Navy, White - SARA","Shop Policies: 
https://www.etsy.com/shop/Kulayan/policy?ref=shopinfo_policies_leftnav 

The Sara cowl neck blouse is a must have staple! So easy to throw on, with the easy and comfort of a Tshirt but with upgraded style. My versions of the cowl necks are made with ecofriendly and organic fabrics!

Gray + White blouses are made with a super soft featherweight modal jersey. 
Navy and Dark Gray (organic) are made with a bamboo spandex blend. 
Red is made with modal organic cotton spandex blend. 

Gray: XS, S or L
White: XS, S or XL
Navy: XS, S, M, L or XL
Red: XS, S, M, L or XL
Dark Gray (W/ Purple Undertone): L

Interested in more than 1 color? Buy 2 pieces at a discount here:
https://www.etsy.com/listing/163756815/womens-cowl-neck-blouse-ecofriendly?ref=shop_home_active

●●●●●●●●●●●●●●●●●●●●●●●●●●●●●●●●●●●●●●●●●●●●●●●●●●●●●●●●●●●●●●

SIZING

Bust (NOT Bra Size); Waist; Hip
XS ----- 32, 26, 34
S ----- 34, 28, 36
M ----- 36, 30, 38
L ----- 38, 32, 40 
XL ----- 40, 34, 42

Many of my items include spandex and can therefore accommodate slightly larger or smaller body measurements. Please use these body measurements as a general outline :)

●●●●●●●●●●●●●●●●●●●●●●●●●●●●●●●●●●●●●●●●●●●●●●●●●●●●●●●●●●●●●●

●● MAILING LIST ●● 
Convo us your email address to receive occasional newsletters with exclusive discounts!

POLICIES PAGE
https://www.etsy.com/shop/Kulayan/policy?ref=shopinfo_policies_leftnav

BROWSE THE REST OF OUR SHOP HERE:
https://www.etsy.com/shop/Kulayan?ref=si_shop",50,USD,5,"Clothing,Tshirt,Tunic,chic,short_sleeve,cotton,layered,draped_drapey,soft,cowl_neck,womens_blouse,organic,eco_friendly,ecofriendly,bamboo,tshirt","jersey,thread",https://img0.etsystatic.com/041/0/5635488/il_fullxfull.516601224_be3y.jpg,https://img1.etsystatic.com/044/0/5635488/il_fullxfull.516667367_ldwc.jpg,https://img0.etsystatic.com/019/0/5635488/il_fullxfull.516601236_d4lx.jpg,https://img1.etsystatic.com/018/0/5635488/il_fullxfull.516667315_hbi0.jpg,https://img1.etsystatic.com/017/0/5635488/il_fullxfull.544870145_qwrn.jpg,Color,Color,"Gray,Red,White,Navy,Dark Gray",Size,Size,"XS,S,M,L,XL"
"Organic Womens Blouse, Modal Bamboo Jersey, Colorblock Teal Navy, Button Up Back, Classic Tshirt - CHLOE","Shop Policies: 
https://www.etsy.com/shop/Kulayan/policy?ref=shopinfo_policies_leftnav 

The Chloe blouse features a casual color block pattern, with stylish faux shell gold rimmed buttons at the back. Easy to throw on, comfortable and classic, this will be your go to Tee for Summer! Wear with pride - These blouses are made with an eco friendly jersey!

Pink fabric: 67% bamboo, 27% organic cotton and 6% spandex 
All other colors: 47% modal, 47% organic cotton and 6 %spandex 

Interested in more than 1 color? Buy 2 pieces at a discount here:
https://www.etsy.com/listing/170707958/2-womens-colorblock-tshirts-organic

✦ These blouses are not recommended for customers with long torsos ✦

●●●●●●●●●●●●●●●●●●●●●●●●●●●●●●●●●●●●●●●●●●●●●●●●●●●●●●●●●●●●●●

SIZING

Bust (NOT Bra Size); Waist; Hip
XS ----- 32, 26, 34
S ----- 34, 28, 36
M ----- 36, 30, 38
L ----- 38, 32, 40 
XL ----- 40, 34, 42

Many of my items include spandex and can therefore accommodate slightly larger or smaller body measurements. Please use these body measurements as a general outline :)

●●●●●●●●●●●●●●●●●●●●●●●●●●●●●●●●●●●●●●●●●●●●●●●●●●●●●●●●●●●●●●

●● MAILING LIST ●● 
Convo me your email address to receive occasional newsletters with exclusive discounts!

POLICIES PAGE
https://www.etsy.com/shop/Kulayan/policy?ref=shopinfo_policies_leftnav

BROWSE THE REST OF OUR SHOP HERE:
https://www.etsy.com/shop/Kulayan?ref=si_shop",50,USD,4,"Clothing,Shirt,Women,color_block,colorblock,casual,navy,womens_tshirts,button_up_back,womens_blouses,organic,bamboo_jersey,organic_jersey,womens_clothing,teal,shades_of_blue","buttons,thread,organic jersey",https://img1.etsystatic.com/019/0/5635488/il_fullxfull.531269037_tgdv.jpg,https://img1.etsystatic.com/024/0/5635488/il_fullxfull.531251855_dd6c.jpg,https://img1.etsystatic.com/039/0/5635488/il_fullxfull.531276469_b770.jpg,https://img0.etsystatic.com/041/0/5635488/il_fullxfull.544788040_5ws7.jpg,https://img1.etsystatic.com/032/0/5635488/il_fullxfull.544879639_22w5.jpg,Size,Size,"S,M,L,XL",Color,Color,"Pink/Purple,Teal/Navy,Red/Navy"
"Navy Blue Cowl Neck, Womens Blouse, Eco Friendly Jersey, Bamboo Organic Cotton, Classic Comfortable, Also in White Grey Modal - SARA","Shop Policies: 
https://www.etsy.com/shop/Kulayan/policy?ref=shopinfo_policies_leftnav 

The Sara cowl neck blouse is a must have staple! So easy to throw on, with the easy and comfort of a Tshirt but with upgraded style. My versions of the cowl necks are made with ecofriendly and organic fabrics!

Gray + White blouses are made with a super soft featherweight modal jersey. 
Navy and Dark Gray (organic) are made with a bamboo spandex blend. 
Red is made with modal organic cotton spandex blend. 

Gray: XS, S or L
White: XS, S or XL
Navy: XS, S, M, L or XL
Red: XS, S, M, L or XL
Dark Gray (W/ Purple Undertone): L

Interested in more than 1 color? Buy 2 pieces at a discount here:
https://www.etsy.com/listing/163756815/womens-cowl-neck-blouse-ecofriendly?ref=shop_home_active

●●●●●●●●●●●●●●●●●●●●●●●●●●●●●●●●●●●●●●●●●●●●●●●●●●●●●●●●●●●●●●

SIZING

Bust (NOT Bra Size); Waist; Hip
XS ----- 32, 26, 34
S ----- 34, 28, 36
M ----- 36, 30, 38
L ----- 38, 32, 40 
XL ----- 40, 34, 42

Many of my items include spandex and can therefore accommodate slightly larger or smaller body measurements. Please use these body measurements as a general outline :)

●●●●●●●●●●●●●●●●●●●●●●●●●●●●●●●●●●●●●●●●●●●●●●●●●●●●●●●●●●●●●●

●● MAILING LIST ●● 
Convo us your email address to receive occasional newsletters with exclusive discounts!

POLICIES PAGE
https://www.etsy.com/shop/Kulayan/policy?ref=shopinfo_policies_leftnav

BROWSE THE REST OF OUR SHOP HERE:
https://www.etsy.com/shop/Kulayan?ref=si_shop",50,USD,4,"Clothing,Tshirt,Tunic,tshirt,shirt,top,cowl_neck,gray_grey,ecofriendly,navy_blue,eco_friendly,womens_blouse,classic_blouse,womens_top,modal_fabric,bamboo_jersey","jersey,thread",https://img1.etsystatic.com/023/1/5635488/il_fullxfull.493307085_e2mi.jpg,https://img0.etsystatic.com/024/0/5635488/il_fullxfull.493251582_7gbu.jpg,https://img0.etsystatic.com/024/0/5635488/il_fullxfull.493074926_kiy3.jpg,https://img0.etsystatic.com/043/0/5635488/il_fullxfull.516599380_biw9.jpg,https://img1.etsystatic.com/043/0/5635488/il_fullxfull.544870309_g4wt.jpg,Color,Color,"Gray,Red,White,Navy,Dark Gray",Size,Size,"XS,S,M,L,XL"
"EcoFriendly Womens Black Hoodie With Asymmetric Zipper in Bamboo Sweatshirt Fleece, Rocker Style - HANNAH","Shop Policies: 
https://www.etsy.com/shop/Kulayan/policy?ref=shopinfo_policies_leftnav 

A little added style to a classic little black sweater, the Hannah hoodie features an asymmetrical metal zip and an oversized hood. Understated style at its best!

●●●●●●●●●●●●●●●●●●●●●●●●●●●●●●●●●●●●●●●●●●●●●●●●●●●●●●●●●●●●●●

SIZING

Bust (Not Bra Size); Waist; Hip
XS ----- 32, 26, 34
S ----- 34, 28, 36
M ----- 36, 30, 38
L ----- 38, 32, 40 
XL ----- 40, 34, 42

Many of my items include spandex and can therefore accommodate slightly larger or smaller body measurements. Please use these body measurements as a general outline :)

●●●●●●●●●●●●●●●●●●●●●●●●●●●●●●●●●●●●●●●●●●●●●●●●●●●●●●●●●●●●●●

●● MAILING LIST ●● 
Convo us your email address to receive occasional newsletters with exclusive discounts!

POLICIES PAGE
https://www.etsy.com/shop/Kulayan/policy?ref=shopinfo_policies_leftnav

BROWSE THE REST OF OUR SHOP HERE:
https://www.etsy.com/shop/Kulayan?ref=si_shop",110,USD,8,"Clothing,Sweatshirt,Hoodie,jet_black,edgy,jacket,asymmetrical,eco_friendly,hoodie_hooded,bamboo_clothing,natural_fabric,womens_sweatshirt,black_hoodie,sweatshirt,fleece_sweatshirt,ecofriendly_clothing","fleece,zipper,thread",https://img1.etsystatic.com/020/0/5635488/il_fullxfull.492650663_ib8v.jpg,https://img1.etsystatic.com/020/0/5635488/il_fullxfull.492650615_q2ai.jpg,https://img0.etsystatic.com/017/0/5635488/il_fullxfull.492597600_hrx3.jpg,https://img1.etsystatic.com/017/0/5635488/il_fullxfull.492650641_3807.jpg,https://img0.etsystatic.com/017/0/5635488/il_fullxfull.492597680_qmy8.jpg,Size,Size,"XS,S,M"
"Gold Champagne Sequin Bolero Shrug Formal Wedding or Bridal Party, Holiday - Classic and Simple - EcoFriendly - SALLY","Shop Policies: 
https://www.etsy.com/shop/Kulayan/policy?ref=shopinfo_policies_leftnav 

The Sally is chic, classic and simple. It features gold sequins on a lined cropped shrug with a curved front. The sleeves are angled for a more modern look. The perfect addition to any holiday or special occasion outfit! It is lined in a white jersey fabric for added comfort. 

Last photo by www.luminaireimages.com/

●●●●●●●●●●●●●●●●●●●●●●●●●●●●●●●●●●●●●●●●●●●●●●●●●●●●●●●●●●●●●●

SIZING

Bust; Waist; Hip
XS ----- 32, 26, 34
S ----- 34, 28, 36
M ----- 36, 30, 38
L ----- 38, 32, 40 
XL ----- 40, 34, 42

Many of my items include spandex and can therefore accommodate slightly larger or smaller body measurements. Please use these body measurements as a general outline :)

●●●●●●●●●●●●●●●●●●●●●●●●●●●●●●●●●●●●●●●●●●●●●●●●●●●●●●●●●●●●●●

●● MAILING LIST ●● 
Convo us your email address to receive occasional newsletters with exclusive discounts!

POLICIES PAGE
https://www.etsy.com/shop/Kulayan/policy?ref=shopinfo_policies_leftnav

BROWSE THE REST OF OUR SHOP HERE:
https://www.etsy.com/shop/Kulayan?ref=si_shop",80,USD,9,"Clothing,Sweater,Shrug,classic,cropped,sequin_sequined,formal,ecofriendly,matte,fitted_bolero,womens_shrug,bridal_shurg,wedding_bolero,gold_bolero,champagne_bolero,white","sequins,thread,modal jersey",https://img1.etsystatic.com/021/0/5635488/il_fullxfull.492272281_si4v.jpg,https://img0.etsystatic.com/024/0/5635488/il_fullxfull.492215598_cgim.jpg,https://img0.etsystatic.com/018/0/5635488/il_fullxfull.492215682_614h.jpg,https://img1.etsystatic.com/023/0/5635488/il_fullxfull.492269037_3463.jpg,https://img1.etsystatic.com/038/1/5635488/il_fullxfull.532608371_46jy.jpg,Color,Color,Gold,Size,Size,"XS,S,L,XL"
"Hoodie Wrap, EcoFriendly Fabric, Womens Sweater Wrap, Japanese Print and Bamboo Eco Friendly Jersey - KANA","Shop Policies: 
https://www.etsy.com/shop/Kulayan/policy?ref=shopinfo_policies_leftnav 

After multiple requests, I've brought back the original pattern and style without any of the side ties. This sweater wrap is super easy and comfortable to throw on and looks good loose, or tied behind the back. It is made with an ecofriendly bamboo cotton jersey.

Floral: S, M or XL
Indigo: M, L or XL
Sakura: XS, S, L or XL

●●●●●●●●●●●●●●●●●●●●●●●●●●●●●●●●●●●●●●●●●●●●●●●●●●●●●●●●●●●●●●

SIZING

Bust (NOT bra size); Waist; Hip
XS ----- 32, 26, 34
S ----- 34, 28, 36
M ----- 36, 30, 38
L ----- 38, 32, 40 
XL ----- 40, 34, 42

Many of my items include spandex and can therefore accommodate slightly larger or smaller body measurements. Please use these body measurements as a general outline :)

●●●●●●●●●●●●●●●●●●●●●●●●●●●●●●●●●●●●●●●●●●●●●●●●●●●●●●●●●●●●●●

●● MAILING LIST ●● 
Convo us your email address to receive occasional newsletters with exclusive discounts!

POLICIES PAGE
https://www.etsy.com/shop/Kulayan/policy?ref=shopinfo_policies_leftnav

BROWSE THE REST OF OUR SHOP HERE:
https://www.etsy.com/shop/Kulayan?ref=si_shop",80,USD,2,"Clothing,Women,cardigan,navy,japanese_kawaii,spring_floral,flowers,ecofriendly,wrap,yoga_wrap,womens_sweater,hoodie,bamboo_clothing,eco_friendly,ecofriendly_clothing","thread,cotton,bamboo jersey",https://img0.etsystatic.com/019/1/5635488/il_fullxfull.503478820_eal7.jpg,https://img0.etsystatic.com/020/0/5635488/il_fullxfull.503479526_nq8h.jpg,https://img1.etsystatic.com/017/0/5635488/il_fullxfull.503541729_i1vw.jpg,https://img1.etsystatic.com/024/0/5635488/il_fullxfull.503541743_rk0g.jpg,https://img1.etsystatic.com/022/0/5635488/il_fullxfull.503541771_eeen.jpg,Color,Color,"Indigo,Sakura - SALE,Floral - SALE",Size,Size,"XS,S,M,L,XL"
"Organic Womens Clothing, Blouse, Tshirt, Teal Green, Navy Blue, Button Up Classic Chic Womens Top - CHLOE","Shop Policies: 
https://www.etsy.com/shop/Kulayan/policy?ref=shopinfo_policies_leftnav 

The Chloe blouse features a casual color block pattern, with stylish faux shell gold rimmed buttons at the back. Easy to throw on, comfortable and classic, this will be your go to Tee for Summer! Wear with pride - These blouses are made with an eco friendly jersey!

Pink fabric: 67% bamboo, 27% organic cotton and 6% spandex 
All other colors: 47% modal, 47% organic cotton and 6 %spandex 

Interested in more than 1 color? Buy 2 pieces at a discount here:
https://www.etsy.com/listing/170707958/2-womens-colorblock-tshirts-organic

✦ These blouses are not recommended for customers  with long torsos ✦ 

●●●●●●●●●●●●●●●●●●●●●●●●●●●●●●●●●●●●●●●●●●●●●●●●●●●●●●●●●●●●●●

SIZING

Bust (NOT Bra Size); Waist; Hip
XS ----- 32, 26, 34
S ----- 34, 28, 36
M ----- 36, 30, 38
L ----- 38, 32, 40 
XL ----- 40, 34, 42

Many of my items include spandex and can therefore accommodate slightly larger or smaller body measurements. Please use these body measurements as a general outline :)

●●●●●●●●●●●●●●●●●●●●●●●●●●●●●●●●●●●●●●●●●●●●●●●●●●●●●●●●●●●●●●

●● MAILING LIST ●● 
Convo me your email address to receive occasional newsletters with exclusive discounts!

POLICIES PAGE
https://www.etsy.com/shop/Kulayan/policy?ref=shopinfo_policies_leftnav

BROWSE THE REST OF OUR SHOP HERE:
https://www.etsy.com/shop/Kulayan?ref=si_shop",50,USD,10,"Clothing,Shirt,Women,woodland,forest,farm_style,preppy_bohemian,colorblock,organic_tshirt,organic_tops,womens_clothing,blouse,teal_green,navy_blue,button_up_back,small_medium_large","buttons,thread,organic jersey",https://img0.etsystatic.com/042/2/5635488/il_fullxfull.544787930_1ggi.jpg,https://img1.etsystatic.com/026/1/5635488/il_fullxfull.544879459_b5ib.jpg,https://img1.etsystatic.com/024/0/5635488/il_fullxfull.531251855_dd6c.jpg,https://img1.etsystatic.com/026/0/5635488/il_fullxfull.531274259_h8zd.jpg,https://img1.etsystatic.com/019/0/5635488/il_fullxfull.531269037_tgdv.jpg,Size,Size,"S,M,L,XL",Color,Color,"Pink/Purple,Teal/Navy,Red/Navy"
"2 Womens Colorblock Tshirts, Organic Ecofriendy Tees, Button Up Tshirt, Navy, Teal, Red Neon Pink, 2 Pieces at Discount - CHLOE","Shop Policies: 
https://www.etsy.com/shop/Kulayan/policy?ref=shopinfo_policies_leftnav 

The Chloe blouse features a casual color block pattern, with stylish faux shell gold rimmed buttons at the back. Easy to throw on, comfortable and classic, this will be your go to Tee for Summer! Wear with pride - These blouses are made with an eco friendly jersey!

Pink fabric: 67% bamboo, 27% organic cotton and 6% spandex 
All other colors: 47% modal, 47% organic cotton and 6 %spandex 

✦ These blouses are not recommended for customers with longer torsos ✦

●●●●●●●●●●●●●●●●●●●●●●●●●●●●●●●●●●●●●●●●●●●●●●●●●●●●●●●●●●●●●●

SIZING

Bust (Not Bra Size); Waist; Hip
XS ----- 32, 26, 34
S ----- 34, 28, 36
M ----- 36, 30, 38
L ----- 38, 32, 40 
XL ----- 40, 34, 42

Many of my items include spandex and can therefore accommodate slightly larger or smaller body measurements. Please use these body measurements as a general outline :)

●●●●●●●●●●●●●●●●●●●●●●●●●●●●●●●●●●●●●●●●●●●●●●●●●●●●●●●●●●●●●●

●● MAILING LIST ●● 
Convo us your email address to receive occasional newsletters with exclusive discounts!

POLICIES PAGE
https://www.etsy.com/shop/Kulayan/policy?ref=shopinfo_policies_leftnav

BROWSE THE REST OF OUR SHOP HERE:
https://www.etsy.com/shop/Kulayan?ref=si_shop",100,USD,10,"Clothing,Tshirt,Tunic,shirt,classic,modal,womens_blouse,womens_tshirt,eco_friendly,womens_clothing,bamboo_clothing,organic,colorblock,organic_cotton,womens_top,button_up_back","jersey,thread,buttons",https://img1.etsystatic.com/039/0/5635488/il_fullxfull.531272437_2ywx.jpg,https://img1.etsystatic.com/032/0/5635488/il_fullxfull.531272703_2x41.jpg,https://img1.etsystatic.com/041/0/5635488/il_fullxfull.531272777_dr48.jpg,https://img0.etsystatic.com/031/0/5635488/il_fullxfull.531187132_rznm.jpg,https://img1.etsystatic.com/038/0/5635488/il_fullxfull.531273051_9u6o.jpg,Color,Color,"Pink/Purple,Teal/Navy,Red/Navy",Size,Size,"S,M,L,XL"
"SALE - Rainbow Womens Pencil Mini Skirt, Woven Cotton, Southwestern Style Print, Also in Navy Blue Red Stripe Print - ROSA","Shop Policies: 
https://www.etsy.com/shop/Kulayan/policy?ref=shopinfo_policies_leftnav 

Originally $60, now on Sale for $35 
✦ Selling the last of my stock! This design will not be reproduced! ✦

The Rosa pencil skirt is made with a gorgeous medium weight textured woven fabric. It features an exposed gold zipper and is fully lined in cotton voile. This skirt is a great transition piece into Fall and back into Spring for next year!

Blue Colorway is only available in size M
Rainbow Colorway is available in XS, S, L or XL

●●●●●●●●●●●●●●●●●●●●●●●●●●●●●●●●●●●●●●●●●●●●●●●●●●●●●●●●●●●●●●

SIZING

Bust; Waist; Hip
XS ----- 32, 26, 34
S ----- 34, 28, 36
M ----- 36, 30, 38
L ----- 38, 32, 40 
XL ----- 40, 34, 42

Many of my items include spandex and can therefore accommodate slightly larger or smaller body measurements. Please use these body measurements as a general outline :)

●●●●●●●●●●●●●●●●●●●●●●●●●●●●●●●●●●●●●●●●●●●●●●●●●●●●●●●●●●●●●●

●● MAILING LIST ●● 
Convo us your email address to receive occasional newsletters with exclusive discounts!

POLICIES PAGE
https://www.etsy.com/shop/Kulayan/policy?ref=shopinfo_policies_leftnav

BROWSE THE REST OF OUR SHOP HERE:
https://www.etsy.com/shop/Kulayan?ref=si_shop",35,USD,8,"Clothing,Skirt,Pencil,rainbow,cotton,exposed_gold_zipper,teenager,sale,neon_skirt,sexy_skirt,tight_skirt,summer_womens_trend,striped_pencil_skirt,womens_skirt,rainbow_stripes,woven_cotton_skirt","cotton,zipper,thread,woven fabric",https://img0.etsystatic.com/001/2/5635488/il_fullxfull.392931312_kkyv.jpg,https://img1.etsystatic.com/005/0/5635488/il_fullxfull.392927561_mh6g.jpg,https://img1.etsystatic.com/005/0/5635488/il_fullxfull.392927573_nnd9.jpg,https://img0.etsystatic.com/005/0/5635488/il_fullxfull.392931352_m485.jpg,https://img0.etsystatic.com/008/0/5635488/il_fullxfull.392931298_aqgl.jpg,Color,Color,"Rainbow,Blue",Size,Size,"XS,S,M,L,XL"
"2 Womens Cowl Neck Blouse, Organic, EcoFriendly Womens Clothing, Bamboo Clothing, 2 Pieces at Discount Sale - SARA","Shop Policies: 
https://www.etsy.com/shop/Kulayan/policy?ref=shopinfo_policies_leftnav 

This listing is for 2 cowl neck blouses in any 2 colors. Please note your color choices in the ""Notes to Seller"" when checking out!

The Sara cowl neck blouse is a must have staple! So easy to throw on, with the easy and comfort of a Tshirt but with upgraded style. My versions of the cowl necks are made with ecofriendly and organic fabrics!

Gray + White blouses are made with a super soft featherweight modal jersey. 
Navy and Dark Gray (organic) are made with a bamboo spandex blend. 
Red is made with modal organic cotton spandex blend. 

Gray: XS, S or L
White: XS, S or XL
Navy: XS, S, M, L or XL
Red: XS, S, M, L or XL
Dark Gray (W/ Purple Undertone): L

Interested in more than 1 color? Buy 2 pieces at a discount here:
https://www.etsy.com/listing/163756815/womens-cowl-neck-blouse-ecofriendly?ref=shop_home_active

●●●●●●●●●●●●●●●●●●●●●●●●●●●●●●●●●●●●●●●●●●●●●●●●●●●●●●●●●●●●●●

SIZING

Bust (NOT Bra Size); Waist; Hip
XS ----- 32, 26, 34
S ----- 34, 28, 36
M ----- 36, 30, 38
L ----- 38, 32, 40 
XL ----- 40, 34, 42

Many of my items include spandex and can therefore accommodate slightly larger or smaller body measurements. Please use these body measurements as a general outline :)

●●●●●●●●●●●●●●●●●●●●●●●●●●●●●●●●●●●●●●●●●●●●●●●●●●●●●●●●●●●●●●

●● MAILING LIST ●● 
Convo us your email address to receive occasional newsletters with exclusive discounts!

POLICIES PAGE
https://www.etsy.com/shop/Kulayan/policy?ref=shopinfo_policies_leftnav

BROWSE THE REST OF OUR SHOP HERE:
https://www.etsy.com/shop/Kulayan?ref=si_shop",80,USD,10,"Clothing,Tshirt,Tunic,shirt,top,cowl_neck,classic,gray_grey,modal,ecofriendly,womens_blouse,womens_tshirt,eco_friendly,womens_clothing,bamboo_clothing,organic","jersey,thread",https://img0.etsystatic.com/031/0/5635488/il_fullxfull.516596444_5r07.jpg,https://img0.etsystatic.com/018/0/5635488/il_fullxfull.492703714_t977.jpg,https://img0.etsystatic.com/023/0/5635488/il_fullxfull.516597156_t933.jpg,https://img0.etsystatic.com/030/0/5635488/il_fullxfull.516597506_l9xd.jpg,https://img0.etsystatic.com/024/0/5635488/il_fullxfull.544779102_9h6h.jpg,Color,Color,"Gray,Red,White,Navy,Dark Gray",Size,Size,"XS,S,M,L,XL"
"SALE - Red Cotton Skirt, Flared Womens Skirt Aline French Nautical Skirt with Shirring Blue, Knee Length - JULIETTE","Shop Policies: 
https://www.etsy.com/shop/Kulayan/policy?ref=shopinfo_policies_leftnav 

Originally $50, now on Sale for $30 
✦ Selling the last of my stock! This design will not be reproduced! ✦

The Juliette is a staple cotton skirt. Made with 100% cotton, it features an elastic waist and 2 side seam pockets. Wear it to the Farmers Market or to a brunch date out with the girls!

Red is available in XS
Blue is available in S

●●●●●●●●●●●●●●●●●●●●●●●●●●●●●●●●●●●●●●●●●●●●●●●●●●●●●●●●●●●●●●

SIZING

Bust; Waist; Hip
XS ----- 32, 26, 34
S ----- 34, 28, 36
M ----- 36, 30, 38
L ----- 38, 32, 40 
XL ----- 40, 34, 42

Many of my items include spandex and can therefore accommodate slightly larger or smaller body measurements. Please use these body measurements as a general outline :)

●●●●●●●●●●●●●●●●●●●●●●●●●●●●●●●●●●●●●●●●●●●●●●●●●●●●●●●●●●●●●●

●● MAILING LIST ●● 
Convo us your email address to receive occasional newsletters with exclusive discounts!

POLICIES PAGE
https://www.etsy.com/shop/Kulayan/policy?ref=shopinfo_policies_leftnav

BROWSE THE REST OF OUR SHOP HERE:
https://www.etsy.com/shop/Kulayan?ref=si_shop",30,USD,1,"Clothing,Skirt,Aline,lipstick_red,farmers_market,aline,knee_length,nautical,flared_flare,womens,bottoms,womens_skirt,womens_flared_skirt,red_skirt,cotton_skirt,simple_and_classic","cotton,elastic,thread",https://img0.etsystatic.com/004/1/5635488/il_fullxfull.393108386_6ni3.jpg,https://img0.etsystatic.com/005/0/5635488/il_fullxfull.396424038_icyx.jpg,https://img0.etsystatic.com/000/0/5635488/il_fullxfull.239834838.jpg,,,Color,Color,"Blue,Red",Size,Size,"XS,S"
"White Eyelet Lace Dress with EcoFriendly Modal Jersey Lining, Open Back Womens Summer Sundress - TRACY","Shop Policies: 
https://www.etsy.com/shop/Kulayan/policy?ref=shopinfo_policies_leftnav 

The Tracy dress is made with a white cotton eyelet lace and lined in an eco friendly modal jersey (the softest you'll ever feel!), this dress is simply a must have classic! The front is cut in a body flattering fit and flare, while the criss cross back provides a little Summer sass! This is a pull on dress with elastic back for easy comfort and fit.

* Please note that the Gray version is made to be knee length. It is about 1 1/2 inches longer than the white version. The Model in the photos is 5'4'' *

●●●●●●●●●●●●●●●●●●●●●●●●●●●●●●●●●●●●●●●●●●●●●●●●●●●●●●●●●●●●●●

SIZING

Bust; Waist; Hip
XS ----- 32, 26, 34
S ----- 34, 28, 36
M ----- 36, 30, 38
L ----- 38, 32, 40 
XL ----- 40, 34, 42

Many of my items include spandex and can therefore accommodate slightly larger or smaller body measurements. Please use these body measurements as a general outline :)

●●●●●●●●●●●●●●●●●●●●●●●●●●●●●●●●●●●●●●●●●●●●●●●●●●●●●●●●●●●●●●

●● MAILING LIST ●● 
Convo us your email address to receive occasional newsletters with exclusive discounts!

POLICIES PAGE
https://www.etsy.com/shop/Kulayan/policy?ref=shopinfo_policies_leftnav

BROWSE THE REST OF OUR SHOP HERE:
https://www.etsy.com/shop/Kulayan?ref=si_shop",120,USD,7,"Clothing,Dress,Sundress,womens_dress,cotton,eyelet,lace,semi_formal,criss_cross_back,country_club,vintage_style,classic,ecofriendly,white_eyelet,summer_dress,eco_friendly","eyelet,modal,elastic,thread",https://img0.etsystatic.com/018/4/5635488/il_fullxfull.493717762_i79g.jpg,https://img0.etsystatic.com/022/0/5635488/il_fullxfull.493717802_r8h4.jpg,https://img1.etsystatic.com/021/0/5635488/il_fullxfull.493773497_o7rd.jpg,https://img0.etsystatic.com/024/0/5635488/il_fullxfull.552123670_hvh2.jpg,https://img1.etsystatic.com/024/0/5635488/il_fullxfull.552214615_6r5q.jpg,Size,Size,"XS,S,M,L",Color,Color,"Gray,White"
"Red Navy Nautical Womens Organic Clothing, Colorblock Tshirt Blouse, Button Up Back, Cap Sleeves, Ecofriendly Jersey - CHLOE","Shop Policies: 
https://www.etsy.com/shop/Kulayan/policy?ref=shopinfo_policies_leftnav 

The Chloe blouse features a casual color block pattern, with stylish faux shell gold rimmed buttons at the back. Easy to throw on, comfortable and classic, this will be your go to Tee for Summer! Wear with pride - These blouses are made with an eco friendly jersey!

Pink fabric: 67% bamboo, 27% organic cotton and 6% spandex 
All other colors: 47% modal, 47% organic cotton and 6 %spandex 

✦ These blouses are not recommended for those with long torsos, or customers who like their blouses long ✦ 

Interested in more than 1 color? Buy 2 pieces at a discount here:
https://www.etsy.com/listing/170707958/2-womens-colorblock-tshirts-organic

●●●●●●●●●●●●●●●●●●●●●●●●●●●●●●●●●●●●●●●●●●●●●●●●●●●●●●●●●●●●●●

SIZING

Bust (NOT Bra Size); Waist; Hip
XS ----- 32, 26, 34
S ----- 34, 28, 36
M ----- 36, 30, 38
L ----- 38, 32, 40 
XL ----- 40, 34, 42

Many of my items include spandex and can therefore accommodate slightly larger or smaller body measurements. Please use these body measurements as a general outline :)

●●●●●●●●●●●●●●●●●●●●●●●●●●●●●●●●●●●●●●●●●●●●●●●●●●●●●●●●●●●●●●

●● MAILING LIST ●● 
Convo me your email address to receive occasional newsletters with exclusive discounts!

POLICIES PAGE
https://www.etsy.com/shop/Kulayan/policy?ref=shopinfo_policies_leftnav

BROWSE THE REST OF OUR SHOP HERE:
https://www.etsy.com/shop/Kulayan?ref=si_shop",50,USD,10,"Clothing,Shirt,Women,color_block,colorblock,casual,navy,womens_tshirts,button_up_back,womens_blouses,organic,bamboo_jersey,red,nautical,organic_jersey,womens_clothing","buttons,thread,organic jersey",https://img1.etsystatic.com/024/0/5635488/il_fullxfull.531251855_dd6c.jpg,https://img1.etsystatic.com/026/0/5635488/il_fullxfull.531274259_h8zd.jpg,https://img1.etsystatic.com/019/0/5635488/il_fullxfull.531269037_tgdv.jpg,https://img1.etsystatic.com/026/1/5635488/il_fullxfull.544879459_b5ib.jpg,https://img0.etsystatic.com/042/2/5635488/il_fullxfull.544787930_1ggi.jpg,Size,Size,"S,M,L,XL",Color,Color,"Pink/Purple,Teal/Navy,Red/Navy"
"White Womens Cowl Neck Blouse, Modal Eco Friendly Jersey, Featherweight Semi Sheer Lightweight, Classic Design - SARA","Shop Policies: 
https://www.etsy.com/shop/Kulayan/policy?ref=shopinfo_policies_leftnav 

The Sara cowl neck blouse is a must have staple! So easy to throw on, with the easy and comfort of a Tshirt but with upgraded style. My versions of the cowl necks are made with ecofriendly and organic fabrics!

Gray + White blouses are made with a super soft featherweight modal jersey. 
Navy and Dark Gray (organic) are made with a bamboo spandex blend. 
Red is made with modal organic cotton spandex blend. 

Gray: XS, S, M or L
White: XS, S, M or XL
Navy: XS, S, M, L or XL
Red: XS, S, M, L or XL
Dark Gray (W/ Purple Undertone): L

Interested in more than 1 color? Buy 2 pieces at a discount here:
https://www.etsy.com/listing/163756815/womens-cowl-neck-blouse-ecofriendly?ref=shop_home_active

●●●●●●●●●●●●●●●●●●●●●●●●●●●●●●●●●●●●●●●●●●●●●●●●●●●●●●●●●●●●●●

SIZING

Bust (NOT Bra Size); Waist; Hip
XS ----- 32, 26, 34
S ----- 34, 28, 36
M ----- 36, 30, 38
L ----- 38, 32, 40 
XL ----- 40, 34, 42

Many of my items include spandex and can therefore accommodate slightly larger or smaller body measurements. Please use these body measurements as a general outline :)

●●●●●●●●●●●●●●●●●●●●●●●●●●●●●●●●●●●●●●●●●●●●●●●●●●●●●●●●●●●●●●

●● MAILING LIST ●● 
Convo us your email address to receive occasional newsletters with exclusive discounts!

POLICIES PAGE
https://www.etsy.com/shop/Kulayan/policy?ref=shopinfo_policies_leftnav

BROWSE THE REST OF OUR SHOP HERE:
https://www.etsy.com/shop/Kulayan?ref=si_shop",50,USD,5,"Clothing,Tshirt,Tunic,shirt,top,cowl_neck,classic,gray_grey,modal,ecofriendly,womens_blouse,womens_tshirt,eco_friendly,womens_clothing,bamboo_clothing,organic","jersey,thread",https://img1.etsystatic.com/020/0/5635488/il_fullxfull.492757767_jh49.jpg,https://img0.etsystatic.com/018/0/5635488/il_fullxfull.492703714_t977.jpg,https://img0.etsystatic.com/024/0/5635488/il_fullxfull.516598166_okx0.jpg,https://img0.etsystatic.com/036/0/5635488/il_fullxfull.516598022_8gwv.jpg,https://img0.etsystatic.com/018/0/5635488/il_fullxfull.544776570_exvv.jpg,Color,Color,"Gray,Red,White,Navy,Dark Gray",Size,Size,"XS,S,M,L,XL"
"SALE - Geometric Maxi Dress, Striped, Chevron Halter Jersey Summer Dress, Womens Clothing, Long Floor Length, Casual Blue and Gray - BECKY","Shop Policies: 
https://www.etsy.com/shop/Kulayan/policy?ref=shopinfo_policies_leftnav 

Originally $90, now on Sale for $65
✦ Selling the last of my stock! This design will not be reproduced! ✦

The Becky is an easy Summer staple! Made with a comfortable cotton jersey blend, this dress is easy to throw on for a casual composed look. It features shirring at the under bust to provides a more airy, relaxed and comfortable look (no clingy, tummy hugging here!). There is an adjustable halter tie at the back neck. 

●●●●●●●●●●●●●●●●●●●●●●●●●●●●●●●●●●●●●●●●●●●●●●●●●●●●●●●●●●●●●●

SIZING

Bust; Waist; Hip
XS ----- 32, 26, 34
S ----- 34, 28, 36
M ----- 36, 30, 38
L ----- 38, 32, 40 
XL ----- 40, 34, 42

Many of my items include spandex and can therefore accommodate slightly larger or smaller body measurements. Please use these body measurements as a general outline :)

●●●●●●●●●●●●●●●●●●●●●●●●●●●●●●●●●●●●●●●●●●●●●●●●●●●●●●●●●●●●●●

●● MAILING LIST ●● 
Convo us your email address to receive occasional newsletters with exclusive discounts!

POLICIES PAGE
https://www.etsy.com/shop/Kulayan/policy?ref=shopinfo_policies_leftnav

BROWSE THE REST OF OUR SHOP HERE:
https://www.etsy.com/shop/Kulayan?ref=si_shop",65,USD,9,"Clothing,Dress,Sundress,maxi_dress,sundress,summer,geometric,royal_blue,nautical,chevron_stripes,black_white_stripes,womens_dress,floor_length_dress,halter_top_dress,beach,flowing_flowy","cotton jersey,thread,elastic",https://img1.etsystatic.com/034/1/5635488/il_fullxfull.516937211_dqov.jpg,https://img1.etsystatic.com/020/0/5635488/il_fullxfull.516937183_mb0m.jpg,https://img1.etsystatic.com/020/0/5635488/il_fullxfull.493777111_23tb.jpg,https://img0.etsystatic.com/017/0/5635488/il_fullxfull.493721440_xx9n.jpg,https://img0.etsystatic.com/024/0/5635488/il_fullxfull.493721422_gqjd.jpg,Color,Color,"Black,Blue",Size,Size,"XS,S,M,L,XL"
"9 Piece NEW Sample Sale - XS XSMALL - Best of the Best - Maxi Dresses, Aztec, Floral, Blouses, Yoga Wraps - Bulk / Wholesale Listing","Shop Policies: 
https://www.etsy.com/shop/Kulayan/policy?ref=shopinfo_policies_leftnav 

♥ Best of the Bulk! ♥

This SAMPLE SALE listing contains all my CURRENT TOP SELLERS in size XSMALL
Please note that these are all sample pieces.

Original value is: $780, Yours for: $345
This'll go fast! 

--- ALL ITEMS INCLUDED --

1) Josie Aztec Maxi Dress in Bamboo Jersey and Satin (Orig. $125)
2) Josie Floral Maxi Dress in Modal Jersey and Satin (Orig. $125)
3) Tracy White Eyelet Dress in Modal Jersey and Cotton (Orig. $120)
4) Katya Bamboo Fleece Leggings (Orig. $70)
5) Sara Light Grey Modal Cowl Neck (Orig. $50)
6) Sara White Modal Cowl Neck (Orig. $50)
7) Juliette Red Cotton Market Skirt (Orig. $50)
8) Kana Hoodie in Blue Bamboo Jersey (Orig. $80)
9) Hannah Hoodie in Bamboo Fleece (Orig. $110)

●●●●●●●●●●●●●●●●●●●●●●●●●●●●●●●●●●●●●●●●●●●●●●●●●●●●●●●●●●●●●●●

SIZING

Bust (NOT Bra Size); Waist; Hip
XS ----- 32, 26, 34
S ----- 34, 28, 36
M ----- 36, 30, 38
L ----- 38, 32, 40 
XL ----- 40, 34, 42

Many of my items include spandex and can therefore accommodate slightly larger or smaller body measurements. Please use these body measurements as a general outline :)

●●●●●●●●●●●●●●●●●●●●●●●●●●●●●●●●●●●●●●●●●●●●●●●●●●●●●●●●●●●●●●●

●● MAILING LIST ●● 
Convo us your email address to receive occasional newsletters with exclusive discounts!

POLICIES PAGE
https://www.etsy.com/shop/Kulayan/policy?ref=shopinfo_policies_leftnav

BROWSE THE REST OF OUR SHOP HERE:
https://www.etsy.com/shop/Kulayan?ref=si_shop",345,USD,1,"Clothing,Dress,Women,wholesale,clearance,sample_sale,xs_xsmall,aztec_maxi_dress,floral_maxi,white_eyelet,yoga_wrap,bamboo_jersey,cowl_neck,fleece_leggings,black_hoodie,sweatshirt","cotton,jersey,elastic,buttons,zipper",https://img0.etsystatic.com/029/0/5635488/il_fullxfull.550902768_o7eu.jpg,https://img1.etsystatic.com/032/0/5635488/il_fullxfull.550990751_ab9j.jpg,https://img1.etsystatic.com/026/0/5635488/il_fullxfull.550993091_h147.jpg,https://img1.etsystatic.com/017/0/5635488/il_fullxfull.550991001_hgjm.jpg,https://img1.etsystatic.com/042/0/5635488/il_fullxfull.550993739_lvv1.jpg
"SALE - XS Fitted Ruffled Jacket Blazer High Collar Navy Blue Green Black Cotton, Ruffled Front small - JASMINE","Shop Policies: 
https://www.etsy.com/shop/Kulayan/policy?ref=shopinfo_policies_leftnav 

Originally $150, now on Sale for $100
✦ Selling the last of my stock! This design will not be reproduced! ✦

The Jasmine is constructed with dozens of pattern pieces, and is completely lined! Wear it on casual days or as a more formal blazer for work. I've used only the best fabrics for this piece with a lining made of soft cotton voile. It's the perfect Jacket for Fall and Spring!

Black is available in XS
Blue is available in XS & S
Green is available in XS 
Beige is available in Small

●●●●●●●●●●●●●●●●●●●●●●●●●●●●●●●●●●●●●●●●●●●●●●●●●●●●●●●●●●●●●●

SIZING

Bust (Not Bra Size); Waist; Hip
XS ----- 32, 26, 34
S ----- 34, 28, 36
M ----- 36, 30, 38
L ----- 38, 32, 40 
XL ----- 40, 34, 42

Many of my items include spandex and can therefore accommodate slightly larger or smaller body measurements. Please use these body measurements as a general outline :)

●●●●●●●●●●●●●●●●●●●●●●●●●●●●●●●●●●●●●●●●●●●●●●●●●●●●●●●●●●●●●●

SIZING
Bust; Waist; Hip
XS ----- 32, 26, 34
S ----- 34, 28, 36
M ----- 36, 30, 38
L ----- 38, 32, 40 
XL ----- 40, 34, 42


●● MAILING LIST ●● 
Convo us your email address to receive occasional newsletters with exclusive discounts!

POLICIES PAGE
https://www.etsy.com/shop/Kulayan/policy?ref=shopinfo_policies_leftnav

BROWSE THE REST OF OUR SHOP HERE:
https://www.etsy.com/shop/Kulayan?ref=si_shop",100,USD,5,"Clothing,Jacket,Blazer,zipper_zip_up,lightweight,hunter_green,ruffled_ruffle,jacket,navy_blue,sale,clearance,fitted_blazer,womens_jacket,womens_outerwear,women,cotton_jacket","zipper,buttons,linen,cotton,thread,elastic",https://img1.etsystatic.com/008/1/5635488/il_fullxfull.392773499_a5uv.jpg,https://img1.etsystatic.com/005/0/5635488/il_fullxfull.392773673_9wh0.jpg,https://img0.etsystatic.com/004/0/5635488/il_fullxfull.392776934_kg43.jpg,https://img1.etsystatic.com/011/0/5635488/il_fullxfull.439400869_gs8z.jpg,https://img1.etsystatic.com/016/0/5635488/il_fullxfull.464549487_mogq.jpg,Color,Color,"Black,Navy Blue,Hunter Green,Beige",Size,Size,"XS,S"
"Womens Yoga Wrap Top, Hoodie, Bamboo Jersey, Womens EcoFriendly Clothing, Sweater Wrap - KANA","Shop Policies: 
https://www.etsy.com/shop/Kulayan/policy?ref=shopinfo_policies_leftnav 

After multiple requests, I've brought back the original pattern and style without any of the side ties. This sweater wrap is super easy and comfortable to throw on and looks good loose, or tied behind the back. It is made with an ecofriendly bamboo cotton jersey.

Floral: S, M or XL
Indigo: M, L or XL
Sakura: XS, S, L or XL

●●●●●●●●●●●●●●●●●●●●●●●●●●●●●●●●●●●●●●●●●●●●●●●●●●●●●●●●●●●●●●

SIZING

Bust (NOT bra size); Waist; Hip
XS ----- 32, 26, 34
S ----- 34, 28, 36
M ----- 36, 30, 38
L ----- 38, 32, 40 
XL ----- 40, 34, 42

Many of my items include spandex and can therefore accommodate slightly larger or smaller body measurements. Please use these body measurements as a general outline :)

●●●●●●●●●●●●●●●●●●●●●●●●●●●●●●●●●●●●●●●●●●●●●●●●●●●●●●●●●●●●●●

●● MAILING LIST ●● 
Convo us your email address to receive occasional newsletters with exclusive discounts!

POLICIES PAGE
https://www.etsy.com/shop/Kulayan/policy?ref=shopinfo_policies_leftnav

BROWSE THE REST OF OUR SHOP HERE:
https://www.etsy.com/shop/Kulayan?ref=si_shop",80,USD,3,"Clothing,Women,yoga_wrap,womens_yoga,sweater_wrap,womens_hoodie,womens_wrap,navy_blue,sakura_flowers,sporty_athletic_wear,bamboo_jersey,eco_friendly,ecofriendly,womens_clothing,small_medium_large","thread,cotton,bamboo jersey",https://img1.etsystatic.com/044/1/5635488/il_fullxfull.544874735_j8db.jpg,https://img0.etsystatic.com/019/1/5635488/il_fullxfull.503478820_eal7.jpg,https://img0.etsystatic.com/020/0/5635488/il_fullxfull.503479526_nq8h.jpg,https://img1.etsystatic.com/024/0/5635488/il_fullxfull.503541743_rk0g.jpg,https://img1.etsystatic.com/022/0/5635488/il_fullxfull.503541771_eeen.jpg,Color,Color,"Indigo,Sakura - SALE,Floral - SALE",Size,Size,"XS,S,M,L,XL"
"SALE - Womens Ruffled Blazer, Fitted Cotton Jacket, Blue Green Black, Ruffles with Buttons and Pockets, xsmall small - JASMINE","Shop Policies: 
https://www.etsy.com/shop/Kulayan/policy?ref=shopinfo_policies_leftnav 

Originally $150, now on Sale for $100
✦ Selling the last of my stock! This design will not be reproduced! ✦

The Jasmine is constructed with dozens of pattern pieces, and is completely lined! Wear it on casual days or as a more formal blazer for work. I've used only the best fabrics for this piece with a lining made of soft cotton voile. It's the perfect Jacket for Fall and Spring!

Black is available in XS
Blue is available in XS & Small
Green is available in XS 
Beige is available in Small

●●●●●●●●●●●●●●●●●●●●●●●●●●●●●●●●●●●●●●●●●●●●●●●●●●●●●●●●●●●●●●

SIZING

Bust (Not Bra Size); Waist; Hip
XS ----- 32, 26, 34
S ----- 34, 28, 36
M ----- 36, 30, 38
L ----- 38, 32, 40 
XL ----- 40, 34, 42

Many of my items include spandex and can therefore accommodate slightly larger or smaller body measurements. Please use these body measurements as a general outline :)

●●●●●●●●●●●●●●●●●●●●●●●●●●●●●●●●●●●●●●●●●●●●●●●●●●●●●●●●●●●●●●

●● MAILING LIST ●● 
Convo us your email address to receive occasional newsletters with exclusive discounts!

POLICIES PAGE
https://www.etsy.com/shop/Kulayan/policy?ref=shopinfo_policies_leftnav

BROWSE THE REST OF OUR SHOP HERE:
https://www.etsy.com/shop/Kulayan?ref=si_shop",100,USD,2,"Clothing,Jacket,Blazer,fitted,feminine_girlie,hunter_green,blazer,womens,jacket,navy_blue,outerwear,sale,womens_jacket,cotton_blazer,ruffled_front_jacket,equestrian_style","zipper,buttons,linen,cotton,thread,elastic",https://img1.etsystatic.com/011/0/5635488/il_fullxfull.439400869_gs8z.jpg,https://img1.etsystatic.com/008/1/5635488/il_fullxfull.392773499_a5uv.jpg,https://img1.etsystatic.com/005/0/5635488/il_fullxfull.392773673_9wh0.jpg,https://img0.etsystatic.com/005/0/5635488/il_fullxfull.392777068_rdsm.jpg,https://img1.etsystatic.com/038/0/5635488/il_fullxfull.547510027_a12q.jpg,Color,Color,"Black,Navy Blue,Hunter Green,Beige",Size,Size,"XS,S"
"Ecofriendly Womens Wrap, Bamboo Jersey Yoga Wrap, Cotton Hood Hoodie, Womens Sweater Cardigan, Japanese Floral Print - KANA","Shop Policies: 
https://www.etsy.com/shop/Kulayan/policy?ref=shopinfo_policies_leftnav 

After multiple requests, I've brought back the original pattern and style without any of the side ties. This sweater wrap is super easy and comfortable to throw on and looks good loose, or tied behind the back. It is made with an ecofriendly bamboo cotton jersey and paired with 100% cotton for the pocket trim and hood. 

Floral: S, M or XL
Indigo: M, L or XL
Sakura: XS, S, L or XL

●●●●●●●●●●●●●●●●●●●●●●●●●●●●●●●●●●●●●●●●●●●●●●●●●●●●●●●●●●●●●●

SIZING

Bust (NOT Bra Size); Waist; Hip
XS ----- 32, 26, 34
S ----- 34, 28, 36
M ----- 36, 30, 38
L ----- 38, 32, 40 
XL ----- 40, 34, 42

Many of my items include spandex and can therefore accommodate slightly larger or smaller body measurements. Please use these body measurements as a general outline :)

●●●●●●●●●●●●●●●●●●●●●●●●●●●●●●●●●●●●●●●●●●●●●●●●●●●●●●●●●●●●●●

●● MAILING LIST ●● 
Convo us your email address to receive occasional newsletters with exclusive discounts!

POLICIES PAGE
https://www.etsy.com/shop/Kulayan/policy?ref=shopinfo_policies_leftnav

BROWSE THE REST OF OUR SHOP HERE:
https://www.etsy.com/shop/Kulayan?ref=si_shop",80,USD,1,"Clothing,Women,Sweater,cardigan,japanese_kawaii,blouse,ecofriendly,bamboo_jersey,navy_blue,womens_yoga_wrap,yoga_wrap,ecofriendly_clothing,womens_sweater,hoodie_hooded,eco_friendly_sweater,sweater_wrap","thread,cotton,bamboo jersey",https://img0.etsystatic.com/018/1/5635488/il_fullxfull.493692354_5jcm.jpg,https://img0.etsystatic.com/021/1/5635488/il_fullxfull.492589400_khlc.jpg,https://img1.etsystatic.com/024/0/5635488/il_fullxfull.492642271_r0bd.jpg,https://img0.etsystatic.com/018/0/5635488/il_fullxfull.492588978_jgwp.jpg,https://img0.etsystatic.com/017/0/5635488/il_fullxfull.492589008_33o7.jpg,"Custom Property",Print,"Indigo,Sakura - SALE,Floral - SALE",Size,Size,"XS,S,M,L,XL"
"Sweater Wrap, Eco Friendly Bamboo Jersey Yoga Wrap Hoodie, Womens Sweater Cardigan, Japanese Floral Print - KANA","Shop Policies: 
https://www.etsy.com/shop/Kulayan/policy?ref=shopinfo_policies_leftnav 

After multiple requests, I've brought back the original pattern and style without any of the side ties. This sweater wrap is super easy and comfortable to throw on and looks good loose, or tied behind the back. It is made with an ecofriendly bamboo cotton jersey and paired with a 100% cotton print for the hood and trim.

Floral: S, M or XL
Indigo: M, L or XL
Sakura: XS, S, L or XL

●●●●●●●●●●●●●●●●●●●●●●●●●●●●●●●●●●●●●●●●●●●●●●●●●●●●●●●●●●●●●●

SIZING

Bust (NOT bra size); Waist; Hip
XS ----- 32, 26, 34
S ----- 34, 28, 36
M ----- 36, 30, 38
L ----- 38, 32, 40 
XL ----- 40, 34, 42

Many of my items include spandex and can therefore accommodate slightly larger or smaller body measurements. Please use these body measurements as a general outline :)

●●●●●●●●●●●●●●●●●●●●●●●●●●●●●●●●●●●●●●●●●●●●●●●●●●●●●●●●●●●●●●

●● MAILING LIST ●● 
Convo us your email address to receive occasional newsletters with exclusive discounts!

POLICIES PAGE
https://www.etsy.com/shop/Kulayan/policy?ref=shopinfo_policies_leftnav

BROWSE THE REST OF OUR SHOP HERE:
https://www.etsy.com/shop/Kulayan?ref=si_shop",80,USD,5,"Clothing,Women,Sweater,cardigan,japanese_kawaii,flowers,hooded,bamboo_jersey,navy_blue,sweater_wrap,yoga_wrap,womens_wear,womens_hoodie,ecofriendly_clothing,yoga_wear,eco_friendly_wrap","thread,cotton,bamboo jersey",https://img1.etsystatic.com/020/1/5635488/il_fullxfull.493747719_kv24.jpg,https://img0.etsystatic.com/024/0/5635488/il_fullxfull.492591998_t6b2.jpg,https://img1.etsystatic.com/017/0/5635488/il_fullxfull.492645073_8jfd.jpg,https://img0.etsystatic.com/018/0/5635488/il_fullxfull.492588978_jgwp.jpg,https://img0.etsystatic.com/017/0/5635488/il_fullxfull.492589008_33o7.jpg,"Custom Property",Print,"Indigo,Sakura - SALE,Floral - SALE",Size,Size,"XS,S,M,L,XL"
"Organic Womens Clothing, Tshirt Dress in Cotton Bamboo Jersey Knit with Japanese Floral Print Belt Wrap, Pink - MARINA","Shop Policies: 
https://www.etsy.com/shop/Kulayan/policy?ref=shopinfo_policies_leftnav 

Made with soft bamboo cotton jersey, the Marina is perfect for a casual day at the dock, or a comfortable option to constricting and ordinary work outfits. Flattering for all body types, this dress features a pleated bust, elasticized back waist and combination print for the shoulder trim and belt. 

●●●●●●●●●●●●●●●●●●●●●●●●●●●●●●●●●●●●●●●●●●●●●●●●●●●●●●●●●●●●●●

SIZING

Bust; Waist; Hip
XS ----- 32, 26, 34
S ----- 34, 28, 36
M ----- 36, 30, 38
L ----- 38, 32, 40 
XL ----- 40, 34, 42

Many of my items include spandex and can therefore accommodate slightly larger or smaller body measurements. Please use these body measurements as a general outline :)

●●●●●●●●●●●●●●●●●●●●●●●●●●●●●●●●●●●●●●●●●●●●●●●●●●●●●●●●●●●●●●

●● MAILING LIST ●● 
Convo us your email address to receive occasional newsletters with exclusive discounts!

POLICIES PAGE
https://www.etsy.com/shop/Kulayan/policy?ref=shopinfo_policies_leftnav

BROWSE THE REST OF OUR SHOP HERE:
https://www.etsy.com/shop/Kulayan?ref=si_shop",90,USD,8,"Clothing,Dress,Tshirt,work_appropriate,casual,aline,tshirt_dress,raspberry,pink_fuschia,womens_dress,organic_clothing,eco_friendly,ecofriendly_clothing,cotton_dress,bamboo_clothing,womens_day_dress","elastic thread,thread,cotton,jersey",https://img0.etsystatic.com/020/1/5635488/il_fullxfull.493755990_ak1s.jpg,https://img1.etsystatic.com/018/0/5635488/il_fullxfull.493811475_c4nf.jpg,https://img0.etsystatic.com/023/0/5635488/il_fullxfull.493755996_ptd1.jpg,https://img0.etsystatic.com/023/1/5635488/il_fullxfull.493755964_puor.jpg,https://img1.etsystatic.com/024/0/5635488/il_fullxfull.493811471_8bzi.jpg,Color,Color,"Blue,Pink",Size,Size,"XS,S,M,L"
"Womens Color Block Tshirt with Button Up Back, Neon Purple Pink Cap Sleeve Blouse, Organic Eco Friendly Clothing - CHLOE","Shop Policies: 
https://www.etsy.com/shop/Kulayan/policy?ref=shopinfo_policies_leftnav 

The Chloe blouse features a casual color block pattern, with stylish faux shell gold rimmed buttons at the back. Easy to throw on, comfortable and classic, this will be your go to Tee for Summer! Wear with pride - These blouses are made with an eco friendly jersey!

Pink fabric: 67% bamboo, 27% organic cotton and 6% spandex 
All other colors: 47% modal, 47% organic cotton and 6 %spandex 

Interested in more than 1 color? Buy 2 pieces at a discount here:
https://www.etsy.com/listing/170707958/2-womens-colorblock-tshirts-organic

✦ These blouses are not recommended for customers with long torsos ✦ 

●●●●●●●●●●●●●●●●●●●●●●●●●●●●●●●●●●●●●●●●●●●●●●●●●●●●●●●●●●●●●●

SIZING

Bust (NOT Bra Size); Waist; Hip
XS ----- 32, 26, 34
S ----- 34, 28, 36
M ----- 36, 30, 38
L ----- 38, 32, 40 
XL ----- 40, 34, 42

Many of my items include spandex and can therefore accommodate slightly larger or smaller body measurements. Please use these body measurements as a general outline :)

●●●●●●●●●●●●●●●●●●●●●●●●●●●●●●●●●●●●●●●●●●●●●●●●●●●●●●●●●●●●●●

●● MAILING LIST ●● 
Convo me your email address to receive occasional newsletters with exclusive discounts!

POLICIES PAGE
https://www.etsy.com/shop/Kulayan/policy?ref=shopinfo_policies_leftnav

BROWSE THE REST OF OUR SHOP HERE:
https://www.etsy.com/shop/Kulayan?ref=si_shop",50,USD,10,"Clothing,Shirt,Women,womens_clothing,ecofriendly,eco_friendly,colorblock,organic_womens,tshirt,womens_blouse,button_up_blouse,neon,pink_fuschia,purple,bright_top,womens_tops","buttons,thread,organic jersey",https://img1.etsystatic.com/026/1/5635488/il_fullxfull.544879459_b5ib.jpg,https://img0.etsystatic.com/042/2/5635488/il_fullxfull.544787930_1ggi.jpg,https://img1.etsystatic.com/024/0/5635488/il_fullxfull.531251855_dd6c.jpg,https://img1.etsystatic.com/026/0/5635488/il_fullxfull.531274259_h8zd.jpg,https://img1.etsystatic.com/019/0/5635488/il_fullxfull.531269037_tgdv.jpg,Size,Size,"S,M,L,XL",Color,Color,"Pink/Purple,Teal/Navy,Red/Navy"
"Organic Cotton Womens Eco Friendly Blouse, Cowl Neck Blouse, Tshirt, Womens EcoFriendly Clothing, Red, Gray - SARA","Shop Policies: 
https://www.etsy.com/shop/Kulayan/policy?ref=shopinfo_policies_leftnav 

The Sara cowl neck blouse is a must have staple! So easy to throw on, with the easy and comfort of a Tshirt but with upgraded style. My versions of the cowl necks are made with ecofriendly and organic fabrics!

Gray + White blouses are made with a super soft featherweight modal jersey. 
Navy and Dark Gray (organic) are made with a bamboo spandex blend. 
Red is made with modal organic cotton spandex blend. 

Gray: XS, S or L
White: XS, S or XL
Navy: XS, S, M, L or XL
Red: XS, S, M, L or XL
Dark Gray (W/ Purple Undertone): L

Interested in more than 1 color? Buy 2 pieces at a discount here:
https://www.etsy.com/listing/163756815/womens-cowl-neck-blouse-ecofriendly?ref=shop_home_active

●●●●●●●●●●●●●●●●●●●●●●●●●●●●●●●●●●●●●●●●●●●●●●●●●●●●●●●●●●●●●●

SIZING

Bust (NOT Bra Size); Waist; Hip
XS ----- 32, 26, 34
S ----- 34, 28, 36
M ----- 36, 30, 38
L ----- 38, 32, 40 
XL ----- 40, 34, 42

Many of my items include spandex and can therefore accommodate slightly larger or smaller body measurements. Please use these body measurements as a general outline :)

●●●●●●●●●●●●●●●●●●●●●●●●●●●●●●●●●●●●●●●●●●●●●●●●●●●●●●●●●●●●●●

●● MAILING LIST ●● 
Convo us your email address to receive occasional newsletters with exclusive discounts!

POLICIES PAGE
https://www.etsy.com/shop/Kulayan/policy?ref=shopinfo_policies_leftnav

BROWSE THE REST OF OUR SHOP HERE:
https://www.etsy.com/shop/Kulayan?ref=si_shop",50,USD,9,"Clothing,Tshirt,Tunic,modal,organic_cotton,red,womens_blouse,womens_cowl_neck,cowl_neck_blouse,tshirt,womens_clothing,simple,chic,woodland,farm,lipstick_red","jersey,thread",https://img1.etsystatic.com/038/3/5635488/il_fullxfull.544871867_5met.jpg,https://img1.etsystatic.com/043/0/5635488/il_fullxfull.544870309_g4wt.jpg,https://img1.etsystatic.com/023/1/5635488/il_fullxfull.493307085_e2mi.jpg,https://img0.etsystatic.com/024/0/5635488/il_fullxfull.493074926_kiy3.jpg,https://img0.etsystatic.com/043/0/5635488/il_fullxfull.516599380_biw9.jpg,Color,Color,"Gray,Red,White,Navy,Dark Gray",Size,Size,"XS,S,M,L,XL"
"SALE - Striped Maxi Dress Black Gray Jersey,  Womens Halter Summer Dress Stripe Geometric Angled - BECKY","Shop Policies: 
https://www.etsy.com/shop/Kulayan/policy?ref=shopinfo_policies_leftnav 

Originally $90, now on Sale for $65
✦ Selling the last of my stock! This design will not be reproduced! ✦

The Becky is an easy Summer staple! Made with a comfortable cotton jersey blend, this dress is easy to throw on for a casual composed look. It features shirring at the under bust to provides a more airy, relaxed and comfortable look (no clingy, tummy hugging here!). There is an adjustable halter tie at the back neck. 

●●●●●●●●●●●●●●●●●●●●●●●●●●●●●●●●●●●●●●●●●●●●●●●●●●●●●●●●●●●●●●

SIZING

Bust; Waist; Hip
XS ----- 32, 26, 34
S ----- 34, 28, 36
M ----- 36, 30, 38
L ----- 38, 32, 40 
XL ----- 40, 34, 42

Many of my items include spandex and can therefore accommodate slightly larger or smaller body measurements. Please use these body measurements as a general outline :)

●●●●●●●●●●●●●●●●●●●●●●●●●●●●●●●●●●●●●●●●●●●●●●●●●●●●●●●●●●●●●●

●● MAILING LIST ●● 
Convo us your email address to receive occasional newsletters with exclusive discounts!

POLICIES PAGE
https://www.etsy.com/shop/Kulayan/policy?ref=shopinfo_policies_leftnav

BROWSE THE REST OF OUR SHOP HERE:
https://www.etsy.com/shop/Kulayan?ref=si_shop",65,USD,10,"Clothing,Dress,Sundress,beach,maxi_dress,sundress,summer,geometric,royal_blue,sexy,nautical,chevron_stripes,black_white_stripes,womens_dress,floor_length_dress,halter_top_dress","cotton jersey,thread,elastic",https://img1.etsystatic.com/021/1/5635488/il_fullxfull.493777129_rkmp.jpg,https://img1.etsystatic.com/020/0/5635488/il_fullxfull.493777111_23tb.jpg,https://img0.etsystatic.com/024/0/5635488/il_fullxfull.493721422_gqjd.jpg,https://img0.etsystatic.com/042/0/5635488/il_fullxfull.516871594_k6pm.jpg,https://img0.etsystatic.com/023/0/5635488/il_fullxfull.516871612_a95m.jpg,Color,Color,"Black,Blue",Size,Size,"XS,S,M,L,XL"
"Wrap Dress, Womens Dress, Stretch ITY Jersey, Purple Raspberry Bright Plaid Print with Black, Geometric, Vneck Dress - KELLY","Shop Policies: 
https://www.etsy.com/shop/Kulayan/policy?ref=shopinfo_policies_leftnav 

A DVF inspired bold wrap dress that will flatter all body types. Perfect to take from work to evening, this dress is sure to become a wardrobe staple! This is made with a lightweight, super soft feeling ITY stretch jersey with a plum berry and black geometric print. This is a limited edition piece!

●●●●●●●●●●●●●●●●●●●●●●●●●●●●●●●●●●●●●●●●●●●●●●●●●●●●●●●●●●●●●●

SIZING

Bust; Waist; Hip
XS ----- 32, 26, 34
S ----- 34, 28, 36
M ----- 36, 30, 38
L ----- 38, 32, 40 
XL ----- 40, 34, 42

Many of my items include spandex and can therefore accommodate slightly larger or smaller body measurements. Please use these body measurements as a general outline :)

●●●●●●●●●●●●●●●●●●●●●●●●●●●●●●●●●●●●●●●●●●●●●●●●●●●●●●●●●●●●●●

●● MAILING LIST ●● 
Convo us your email address to receive occasional newsletters with exclusive discounts!

POLICIES PAGE
https://www.etsy.com/shop/Kulayan/policy?ref=shopinfo_policies_leftnav

BROWSE THE REST OF OUR SHOP HERE:
https://www.etsy.com/shop/Kulayan?ref=si_shop",95,USD,3,"Clothing,Dress,Women,wrap_dress,black,womens,printed,work_appropriate,ready_to_ship,day_dress,geometric,berry_purple,purple,raspberry,bright,neon","stretch jersey in black and blue,thread",https://img0.etsystatic.com/038/2/5635488/il_fullxfull.516605306_i4mb.jpg,https://img1.etsystatic.com/022/0/5635488/il_fullxfull.516681603_n0eh.jpg,https://img0.etsystatic.com/040/0/5635488/il_fullxfull.516615558_rgeo.jpg,https://img1.etsystatic.com/036/0/5635488/il_fullxfull.516681743_25u8.jpg,https://img1.etsystatic.com/027/0/5635488/il_fullxfull.516681725_6hex.jpg,Size,Size,"XS,M,L"
"Knotted Womens Tunic Dress, Basketweave Fabric Manipulation, Origami Pleating, Eco Friendly Organic Modal Jersey, Steel Blue - COCO","Shop Policies: 
https://www.etsy.com/shop/Kulayan/policy?ref=shopinfo_policies_leftnav

Paris is calling! The Coco is a tres chic tunic that looks great belted on hot Summer days, or layered for the chillier months! It is made with an organic eco friendly jersey that is 47% modal, 47% organic cotton and 6% spandex. It features a hand knotted open geometric back and a knotted front. This tunic is best worn belted.  

*Belt pictured is not included in purchase*

Steel Blue: XS, S, M or L
Red: XS, S, M, L or XL

●●●●●●●●●●●●●●●●●●●●●●●●●●●●●●●●●●●●●●●●●●●●●●●●●●●●●●●●●●●●●●

SIZING

Bust (NOT Bra Size); Waist; Hip
XS ----- 32, 26, 35
S ----- 34, 28, 37
M ----- 36, 30, 39
L ----- 38, 32, 41
XL ----- 40, 34, 43

Many of my items include spandex and can therefore accommodate slightly larger or smaller body measurements. Please use these body measurements as a general outline :)

●●●●●●●●●●●●●●●●●●●●●●●●●●●●●●●●●●●●●●●●●●●●●●●●●●●●●●●●●●●●●●

●● MAILING LIST ●● 
Convo me your email address to receive occasional newsletters with exclusive discounts!

POLICIES PAGE
https://www.etsy.com/shop/Kulayan/policy?ref=shopinfo_policies_leftnav

BROWSE THE REST OF OUR SHOP HERE:
https://www.etsy.com/shop/Kulayan?ref=si_shop",95,USD,9,"Clothing,Women,Dress,organic_clothing,womens_organic,modal_jersey,organic_cotton,tunic_dress,womens_tunic,steel_blue_gray,also_in_red,woodland,farm_style,country,unique,sexy_romantic","jersey,thread",https://img0.etsystatic.com/042/1/5635488/il_fullxfull.544785186_lziv.jpg,https://img1.etsystatic.com/022/0/5635488/il_fullxfull.544875923_h3hv.jpg,https://img1.etsystatic.com/024/0/5635488/il_fullxfull.544876095_okar.jpg,https://img0.etsystatic.com/038/0/5635488/il_fullxfull.532320362_m646.jpg,https://img0.etsystatic.com/019/0/5635488/il_fullxfull.544787044_nk2x.jpg,Color,Color,"Red,Steel Blue",Size,Size,"XS,S,M,L,XL"
"SALE - Fitted Cotton Blazer, Womens Ruffled Jacket, XS small High Collar Hunter Green Navy Black - JASMINE","Shop Policies: 
https://www.etsy.com/shop/Kulayan/policy?ref=shopinfo_policies_leftnav 

Originally $150, now on Sale for $100
✦ Selling the last of my stock! This design will not be reproduced! ✦

The Jasmine is constructed with dozens of pattern pieces, and is completely lined! Wear it on casual days or as a more formal blazer for work. I've used only the best fabrics for this piece with a lining made of soft cotton voile. It's the perfect Jacket for Fall and Spring!

Black is available in XS
Blue is available in XS & Small
Green is available in XS 
Beige is available in Small

●●●●●●●●●●●●●●●●●●●●●●●●●●●●●●●●●●●●●●●●●●●●●●●●●●●●●●●●●●●●●●

SIZING

Bust (Not Bra Size); Waist; Hip
XS ----- 32, 26, 34
S ----- 34, 28, 36
M ----- 36, 30, 38
L ----- 38, 32, 40 
XL ----- 40, 34, 42

Many of my items include spandex and can therefore accommodate slightly larger or smaller body measurements. Please use these body measurements as a general outline :)

●●●●●●●●●●●●●●●●●●●●●●●●●●●●●●●●●●●●●●●●●●●●●●●●●●●●●●●●●●●●●●

●● MAILING LIST ●● 
Convo us your email address to receive occasional newsletters with exclusive discounts!

POLICIES PAGE
https://www.etsy.com/shop/Kulayan/policy?ref=shopinfo_policies_leftnav

BROWSE THE REST OF OUR SHOP HERE:
https://www.etsy.com/shop/Kulayan?ref=si_shop",100,USD,1,"Clothing,Jacket,Blazer,zipper_zip_up,lightweight,hunter_green,cotton,fall_autumn,ruffled_ruffles,women,sale,fitted_jacket,womens_blazer,ruffle_jacket,womens_outerwear,navy_black","zipper,buttons,cotton,thread,elastic",https://img1.etsystatic.com/005/0/5635488/il_fullxfull.392775113_2o4g.jpg,https://img1.etsystatic.com/004/0/5635488/il_fullxfull.392775159_hjqu.jpg,https://img0.etsystatic.com/005/0/5635488/il_fullxfull.392778472_6o0g.jpg,https://img1.etsystatic.com/013/0/5635488/il_fullxfull.439404073_q0jp.jpg,,Color,Color,"Hunter Green,Navy Blue,Black,Beige",Size,Size,"XS,S"
"SALE - Southern Bridesmaid Dress, Cotton Pleated Origami Collar, Semi Formal Dress in Ocean Blue - CELIA","Shop Policies: 
https://www.etsy.com/shop/Kulayan/policy?ref=shopinfo_policies_leftnav 

Originally $150, now on Sale for $40
✦ Selling the last of my stock! This design will not be reproduced! ✦

The Celia is a beautiful dress for formal occasions like weddings and graduations! It is made in 100% cotton and features a side zipper, belt and pleated neckline. 

Only available in S, M or L

●●●●●●●●●●●●●●●●●●●●●●●●●●●●●●●●●●●●●●●●●●●●●●●●●●●●●●●●●●●●●●

SIZING

Bust; Waist; Hip
XS ----- 32, 26, 34
S ----- 34, 28, 36
M ----- 36, 30, 38
L ----- 38, 32, 40 
XL ----- 40, 34, 42

Many of my items include spandex and can therefore accommodate slightly larger or smaller body measurements. Please use these body measurements as a general outline :)

●●●●●●●●●●●●●●●●●●●●●●●●●●●●●●●●●●●●●●●●●●●●●●●●●●●●●●●●●●●●●●

●● MAILING LIST ●● 
Convo us your email address to receive occasional newsletters with exclusive discounts!

POLICIES PAGE
https://www.etsy.com/shop/Kulayan/policy?ref=shopinfo_policies_leftnav

BROWSE THE REST OF OUR SHOP HERE:
https://www.etsy.com/shop/Kulayan?ref=si_shop",40,USD,3,"Clothing,Dress,Women,semi_formal,pleated_neckline,geometric,ocean_blue,aline,origami_pleated,wedding_party,sale,work_casual,womens_dress,bridesmaid_dress,cotton_party_dress,summer_wedding","solid cotton,zipper,thread",https://img1.etsystatic.com/008/1/5635488/il_fullxfull.392898347_m91c.jpg,https://img1.etsystatic.com/005/0/5635488/il_fullxfull.392898365_jg8q.jpg,https://img0.etsystatic.com/005/0/5635488/il_fullxfull.392901472_8omj.jpg,https://img0.etsystatic.com/000/0/5635488/il_fullxfull.273674860.jpg,,Size,Size,"S,M,L"
"Fleece Leggings in Black EcoFriendly Bamboo Fleece Jersey, Thick and Warm Perfect for Fall and Winter - KATYA","Shop Policies: 
https://www.etsy.com/shop/Kulayan/policy?ref=shopinfo_policies_leftnav 

Katya leggings are an everyday classic design made with ecofriendly bamboo spandex fleece leggings for extra warmth. These are about 2.5 times thicker than your standard leggings. These are easy to fit and can stretch to accommodate longer legs. Great for daily use, yoga, or under ski pants for winter sports!

●●●●●●●●●●●●●●●●●●●●●●●●●●●●●●●●●●●●●●●●●●●●●●●●●●●●●●●●●●●●●●

SIZING

Bust (Not Bra Size); Waist; Hip
XS ----- 32, 26, 34
S ----- 34, 28, 36
M ----- 36, 30, 38
L ----- 38, 32, 40 
XL ----- 40, 34, 42

Many of my items include spandex and can therefore accommodate slightly larger or smaller body measurements. Please use these body measurements as a general outline :)

●●●●●●●●●●●●●●●●●●●●●●●●●●●●●●●●●●●●●●●●●●●●●●●●●●●●●●●●●●●●●●

●● MAILING LIST ●● 
Convo us your email address to receive occasional newsletters with exclusive discounts!

POLICIES PAGE
https://www.etsy.com/shop/Kulayan/policy?ref=shopinfo_policies_leftnav

BROWSE THE REST OF OUR SHOP HERE:
https://www.etsy.com/shop/Kulayan?ref=si_shop",70,USD,10,"Clothing,Women,Pants,tights,yoga,fleece,thermal_underwear,leggings,black,ski_wear,eco_friendly,womens_leggings,winter_leggings,bamboo_fabric,eco_friendly_jersey,ecofriendly_womens","elastic,fleece,thread",https://img0.etsystatic.com/018/1/5635488/il_fullxfull.492594034_oa9r.jpg,https://img1.etsystatic.com/017/1/5635488/il_fullxfull.492647025_926t.jpg,https://img1.etsystatic.com/020/1/5635488/il_fullxfull.544873007_g7x6.jpg,https://img1.etsystatic.com/032/0/5635488/il_fullxfull.544873031_3p3y.jpg,https://img0.etsystatic.com/022/0/5635488/il_fullxfull.544781226_qq8x.jpg,Size,Size,"XS,S,M,L,XL"
"Womens Tunic, Organic Cotton Modal Summer Dress, Hand Knotted Back, Pattern, Geometric, Steel Blue Gray and Red - COCO","Shop Policies: 
https://www.etsy.com/shop/Kulayan/policy?ref=shopinfo_policies_leftnav

Paris is calling! The Coco is a tres chic tunic that looks great belted on hot Summer days, or layered for the chillier months! It is made with an organic eco friendly jersey that is 47% modal, 47% organic cotton and 6% spandex. It features a hand knotted open geometric back and a knotted front. This tunic is best worn belted.  

*Belt pictured is not included in purchase*

Steel Blue: XS, S, M or L
Red: XS, S, M, L or XL

●●●●●●●●●●●●●●●●●●●●●●●●●●●●●●●●●●●●●●●●●●●●●●●●●●●●●●●●●●●●●●

SIZING

Bust (NOT Bra Size); Waist; Hip
XS ----- 32, 26, 35
S ----- 34, 28, 37
M ----- 36, 30, 39
L ----- 38, 32, 41
XL ----- 40, 34, 43

Many of my items include spandex and can therefore accommodate slightly larger or smaller body measurements. Please use these body measurements as a general outline :)

●●●●●●●●●●●●●●●●●●●●●●●●●●●●●●●●●●●●●●●●●●●●●●●●●●●●●●●●●●●●●●

●● MAILING LIST ●● 
Convo me your email address to receive occasional newsletters with exclusive discounts!

POLICIES PAGE
https://www.etsy.com/shop/Kulayan/policy?ref=shopinfo_policies_leftnav

BROWSE THE REST OF OUR SHOP HERE:
https://www.etsy.com/shop/Kulayan?ref=si_shop",95,USD,9,"Clothing,Women,Dress,organic_clothing,womens_organic,womens_tunic,tunic_dress,ecofriendly,open_back,hand_knotted,geometric,modal_jersey,organic_cotton,loose_dress,origami,chic","jersey,thread",https://img1.etsystatic.com/018/1/5635488/il_fullxfull.544876643_7f8m.jpg,https://img0.etsystatic.com/038/0/5635488/il_fullxfull.532320362_m646.jpg,https://img1.etsystatic.com/022/0/5635488/il_fullxfull.544875923_h3hv.jpg,https://img1.etsystatic.com/024/0/5635488/il_fullxfull.544876095_okar.jpg,https://img0.etsystatic.com/026/0/5635488/il_fullxfull.544787282_1gb5.jpg,Color,Color,"Red,Steel Blue",Size,Size,"XS,S,M,L,XL"
"SALE - Emerald Green Lace Dress with Black Jersey Lining Vneck Tight Fitted Pencil Skirt - ELIZA - Small or Large","Shop Policies: 
https://www.etsy.com/shop/Kulayan/policy?ref=shopinfo_policies_leftnav 

✦ Selling the last of my stock! This design will not be reproduced! ✦

This is a classic and demure dress with just a hint of attitude. The Eliza lace dress is made with a stretch green floral lace lined with a comfortable black jersey. It features a vneck front and back, and sheer sleeves. 

Green is available in S or L

●●●●●●●●●●●●●●●●●●●●●●●●●●●●●●●●●●●●●●●●●●●●●●●●●●●●●●●●●●●●●●

SIZING

Bust (NOT Bra Size); Waist; Hip
XS ----- 32, 26, 34
S ----- 34, 28, 36
M ----- 36, 30, 38
L ----- 38, 32, 40 
XL ----- 40, 34, 42

Many of my items include spandex and can therefore accommodate slightly larger or smaller body measurements. Please use these body measurements as a general outline :)

●●●●●●●●●●●●●●●●●●●●●●●●●●●●●●●●●●●●●●●●●●●●●●●●●●●●●●●●●●●●●●

●● MAILING LIST ●● 
Convo us your email address to receive occasional newsletters with exclusive discounts!

POLICIES PAGE
https://www.etsy.com/shop/Kulayan/policy?ref=shopinfo_policies_leftnav

BROWSE THE REST OF OUR SHOP HERE:
https://www.etsy.com/shop/Kulayan?ref=si_shop",40,USD,5,"Clothing,Dress,Women,womens_clothing,womens_dress,lace_dress,hunter_green,autumn_fall,semi_formal,classic,cotton_jersey,evening,sale,emerald_lace,party_dress,bodycon_lace_dress","fabric,thread",https://img1.etsystatic.com/004/0/5635488/il_fullxfull.392789523_dxco.jpg,https://img0.etsystatic.com/008/0/5635488/il_fullxfull.392792902_m87q.jpg,https://img0.etsystatic.com/001/0/5635488/il_fullxfull.392792916_4gue.jpg,https://img0.etsystatic.com/001/0/5635488/il_fullxfull.392792832_b453.jpg,,Color,Color,Green,Size,Size,"S,L"
"SMALL, Sample Sale, Wholesale Bulk Listing, 11 Pieces Included, Dresses, Tops, Skirts, Organic Jersey, Chiffon Lace, Hoodie Wrap","Shop Policies: 
https://www.etsy.com/shop/Kulayan/policy?ref=shopinfo_policies_leftnav 

♥ Wholesale Bulk Lot in Size Small ♥

This listing includes all 11 pieces listed below.

--- ITEMS INCLUDED --

1) Emma Black Lace Chiffon Top
2) Emma Black Lace Chiffon Dress
3) Sara Organic Cotton Bamboo Black Cowl Neck Blouse
4) Josie Denim Blue Sweater Dress with Black Lace Inserts
5) Kelly ITY Black Graffiti Print Wrap Dress
6) Juliette Blue Cotton Market Flared Skirt
7 & 8) Lisa Tank Tops with Lace Overlay - Purple & Pink
9) Dawn Black Layered Jersey Skirt
10) Marina Blue/Purple Combination Pleated Bust Jersey Dress
11) Kana Hoodie Wrap in Organic Blue Jersey


Please note that the colors in the pictures are not indicative of what you will receive - please see descriptions above for colorways. 

●●●●●●●●●●●●●●●●●●●●●●●●●●●●●●●●●●●●●●●●●●●●●●●●●●●●●●●●●●●●●●●

SIZING

Bust (NOT Bra Size); Waist; Hip
XS ----- 32, 26, 34
S ----- 34, 28, 36
M ----- 36, 30, 38
L ----- 38, 32, 40 
XL ----- 40, 34, 42

Many of my items include spandex and can therefore accommodate slightly larger or smaller body measurements. Please use these body measurements as a general outline :)

●●●●●●●●●●●●●●●●●●●●●●●●●●●●●●●●●●●●●●●●●●●●●●●●●●●●●●●●●●●●●●●

●● MAILING LIST ●● 
Convo us your email address to receive occasional newsletters with exclusive discounts!

POLICIES PAGE
https://www.etsy.com/shop/Kulayan/policy?ref=shopinfo_policies_leftnav

BROWSE THE REST OF OUR SHOP HERE:
https://www.etsy.com/shop/Kulayan?ref=si_shop",175,USD,1,"Clothing,Dress,Women,clearance,wholesale,sample_sale,bulk_listing,lace,colorblock,small,ruffled_ruffles,chiffon,sweater_dress,organic_jersey,cowl_neck,blouse_tshirt","cotton,jersey,elastic,buttons,zipper",https://img1.etsystatic.com/010/0/5635488/il_fullxfull.464599347_pgyq.jpg,https://img1.etsystatic.com/013/0/5635488/il_fullxfull.464599385_rfck.jpg,https://img0.etsystatic.com/015/0/5635488/il_fullxfull.464587180_51mg.jpg,https://img1.etsystatic.com/044/0/5635488/il_fullxfull.547515807_7s5u.jpg,https://img1.etsystatic.com/038/0/5635488/il_fullxfull.550938235_mfyi.jpg
"SALE - Navy Lace Dress, Womens Date Night, Blue Dark Plum Purple Sheer Belted Cocktail Dress, Pencil Cut Skirt - ELIZA - xs xsmall","Shop Policies: 
https://www.etsy.com/shop/Kulayan/policy?ref=shopinfo_policies_leftnav 

Originally $110, now on Sale for $40
✦ Selling the last of my stock! This design will not be reproduced! ✦

This dress is made with navy lace and is lined in a purple stretch fabric. There are no buttons or zippers to deal with here - just an easy pull on dress! It also comes with a jersey belt tie to cinch in the waist.

●●●●●●●●●●●●●●●●●●●●●●●●●●●●●●●●●●●●●●●●●●●●●●●●●●●●●●●●●●●●●●

SIZING

Bust (NOT Bra Size); Waist; Hip
XS ----- 32, 26, 34
S ----- 34, 28, 36
M ----- 36, 30, 38
L ----- 38, 32, 40 
XL ----- 40, 34, 42

Many of my items include spandex and can therefore accommodate slightly larger or smaller body measurements. Please use these body measurements as a general outline :)

●●●●●●●●●●●●●●●●●●●●●●●●●●●●●●●●●●●●●●●●●●●●●●●●●●●●●●●●●●●●●●

●● MAILING LIST ●● 
Convo us your email address to receive occasional newsletters with exclusive discounts!

POLICIES PAGE
https://www.etsy.com/shop/Kulayan/policy?ref=shopinfo_policies_leftnav

BROWSE THE REST OF OUR SHOP HERE:
https://www.etsy.com/shop/Kulayan?ref=si_shop",40,USD,7,"Clothing,Dress,Formal,womens_dress,belted,cocktail_dress,navy_blue,purple,burgundy,day_dress,cap_sleeve,sale,semi_formal,navy_blue_lace,fall_wedding_attire,party_dress","lace,fabric,thread",https://img0.etsystatic.com/007/1/5635488/il_fullxfull.393122972_6a17.jpg,https://img0.etsystatic.com/007/0/5635488/il_fullxfull.393122372_prap.jpg,https://img1.etsystatic.com/001/0/5635488/il_fullxfull.393118753_lhk3.jpg,https://img1.etsystatic.com/006/0/5635488/il_fullxfull.393118759_i8bs.jpg,https://img0.etsystatic.com/005/0/5635488/il_fullxfull.376449422_qkdt.jpg,Size,Size,"XS,S"
"MEDIUM, Sample Sale, Wholesale Bulk Listing, 5 Different Items, Dresses, Wrap Dress, Halter Dress, Organic Cowl Neck Blouse","Shop Policies: 
https://www.etsy.com/shop/Kulayan/policy?ref=shopinfo_policies_leftnav 

♥ Bulk Sample Sale Listing in Size MEDIUM ♥

This listing includes all 5 pieces listed below

--- ITEMS INCLUDED --

1) Becky Cotton Striped Cotton Halter Maxi Dress in Blue
2) Marina Tshirt Dress in Pink Organic Jersey
3) Kelly Jewel Tone Tulip Wrap Dress Lined in Organic Jersey
4) Rosa Cotton Woven Skirt in Rainbow Colorway
5) Dawn Black Layered Jersey Skirt
6) Sara Cowl Neck Organic Blouse in Teal Blue

●●●●●●●●●●●●●●●●●●●●●●●●●●●●●●●●●●●●●●●●●●●●●●●●●●●●●●●●●●●●●●●

SIZING
Bust (NOT Bra Size); Waist; Hip
XS ----- 32, 26, 34
S ----- 34, 28, 36
M ----- 36, 30, 38
L ----- 38, 32, 40 
XL ----- 40, 34, 42

Many of my items include spandex and can therefore accommodate slightly larger or smaller body measurements. Please use these body measurements as a general outline :)

●●●●●●●●●●●●●●●●●●●●●●●●●●●●●●●●●●●●●●●●●●●●●●●●●●●●●●●●●●●●●●●


●● MAILING LIST ●● 
Convo us your email address to receive occasional newsletters with exclusive discounts!

POLICIES PAGE
https://www.etsy.com/shop/Kulayan/policy?ref=shopinfo_policies_leftnav

BROWSE THE REST OF OUR SHOP HERE:
https://www.etsy.com/shop/Kulayan?ref=si_shop",180,USD,1,"Clothing,Dress,Women,clearance,wholesale,sample_sale,bulk_listing,organic_jersey,wrap_dress,medium,organic,eco_friendly,fit_and_flare,cowl_neck_blouse,womens_pencil_skirt,layered_jersey_skirt","cotton,jersey,elastic,buttons,zipper",https://img0.etsystatic.com/021/0/5635488/il_fullxfull.514637376_4xsm.jpg,https://img0.etsystatic.com/037/0/5635488/il_fullxfull.514637408_64yh.jpg,https://img1.etsystatic.com/037/0/5635488/il_fullxfull.547513385_gpn8.jpg,,
"SALE - Layered Ruffle Pencil Skirt, Modern Cowgirl Western Country Skirt Black Cotton, Only size Small - DAWN","Shop Policies: 
https://www.etsy.com/shop/Kulayan/policy?ref=shopinfo_policies_leftnav 

Originally $75, now on Sale for $35
✦ Selling the last of my stock! This design will not be reproduced! ✦

The Dawn is such a fun and easy skirt. It is designed to sit on your natural waist and is made with layers of hand cut cotton blend jersey. This is a great transition piece for Summer into Fall and Winter into Spring - Use this skirt all year long!

●●●●●●●●●●●●●●●●●●●●●●●●●●●●●●●●●●●●●●●●●●●●●●●●●●●●●●●●●●●●●●

SIZING

Bust; Waist; Hip
XS ----- 32, 26, 34
S ----- 34, 28, 36
M ----- 36, 30, 38
L ----- 38, 32, 40 
XL ----- 40, 34, 42

Many of my items include spandex and can therefore accommodate slightly larger or smaller body measurements. Please use these body measurements as a general outline :)

●●●●●●●●●●●●●●●●●●●●●●●●●●●●●●●●●●●●●●●●●●●●●●●●●●●●●●●●●●●●●●

●● MAILING LIST ●● 
Convo us your email address to receive occasional newsletters with exclusive discounts!

POLICIES PAGE
https://www.etsy.com/shop/Kulayan/policy?ref=shopinfo_policies_leftnav

BROWSE THE REST OF OUR SHOP HERE:
https://www.etsy.com/shop/Kulayan?ref=si_shop",35,USD,3,"Clothing,Skirt,Aline,pleats_pleated,knee_length,country_western,pencil_skirt,brown_and_black,bottoms,flare,layered,teenager,sale,womens_skirt,ruffled_skirt,layered_jersey_skirt","jersey,zipper,button,thread",https://img1.etsystatic.com/007/1/5635488/il_fullxfull.392943213_6d9n.jpg,https://img0.etsystatic.com/008/0/5635488/il_fullxfull.392946862_r5pe.jpg,https://img0.etsystatic.com/006/0/5635488/il_fullxfull.392946882_rpg5.jpg,https://img0.etsystatic.com/000/0/5635488/il_fullxfull.207534434.jpg,https://img1.etsystatic.com/000/0/5635488/il_fullxfull.207534265.jpg,Color,Color,Black,Size,Size,S
"Organic Tshirt Dress in Bamboo Cotton Jersey Knit Floral Print Womens Wrap Dress, Also in Navy - MARINA","Shop Policies: 
https://www.etsy.com/shop/Kulayan/policy?ref=shopinfo_policies_leftnav 

Made with soft bamboo cotton jersey, the Marina is perfect for a casual day at the dock, or a comfortable option to constricting and ordinary work outfits. Flattering for all body types, this dress features a pleated bust, elasticized back waist and combination print for the shoulder trim and belt. 

●●●●●●●●●●●●●●●●●●●●●●●●●●●●●●●●●●●●●●●●●●●●●●●●●●●●●●●●●●●●●●

SIZING

Bust; Waist; Hip
XS ----- 32, 26, 34
S ----- 34, 28, 36
M ----- 36, 30, 38
L ----- 38, 32, 40 
XL ----- 40, 34, 42

Many of my items include spandex and can therefore accommodate slightly larger or smaller body measurements. Please use these body measurements as a general outline :)

●●●●●●●●●●●●●●●●●●●●●●●●●●●●●●●●●●●●●●●●●●●●●●●●●●●●●●●●●●●●●●

●● MAILING LIST ●● 
Convo us your email address to receive occasional newsletters with exclusive discounts!

POLICIES PAGE
https://www.etsy.com/shop/Kulayan/policy?ref=shopinfo_policies_leftnav

BROWSE THE REST OF OUR SHOP HERE:
https://www.etsy.com/shop/Kulayan?ref=si_shop",90,USD,10,"Clothing,Dress,Tshirt,work_appropriate,aline,day_dress,cotton,raspberry,summer,pink_fuschia,casual_dress,womens_tshirt_dress,organic_clothing,ecofriendly_clothing,knit_dress,organic_fabric","elastic thread,thread,cotton,jersey",https://img0.etsystatic.com/023/1/5635488/il_fullxfull.493755964_puor.jpg,https://img1.etsystatic.com/024/0/5635488/il_fullxfull.493811471_8bzi.jpg,https://img0.etsystatic.com/020/1/5635488/il_fullxfull.493755990_ak1s.jpg,https://img1.etsystatic.com/018/0/5635488/il_fullxfull.493811475_c4nf.jpg,https://img0.etsystatic.com/023/0/5635488/il_fullxfull.493755996_ptd1.jpg,Color,Color,"Blue,Pink",Size,Size,"XS,S,M,L"
"XS XSMALL 14 Pieces Different Pieces, Sample Sale Listing, Clearance, Sale, Organic, Dresses, Tops, Sweater","Shop Policies: 
https://www.etsy.com/shop/Kulayan/policy?ref=shopinfo_policies_leftnav 

♥ Bulk Sample Sale Listing in Size XSMALL ♥

This listing includes all 14 pieces listed below

--- ITEMS INCLUDED --

1) Marina Denim Blue Jersey Dress with Purple/Blue Print
2) Rosa Rainbow Cotton Woven Skirt

3) Dawn Black Layered Pencil Skirt --> No longer included, will be replaced with Sara Cowl Neck in Organic Bamboo Cotton Jersey in Teal Color 

4) Kana Hoodie in Purple
5) Kelly Wrap Dress in Jewel Tones, Lined in Organic Jersey
6) Sara Cowl Neck in Black Organic Jersey
7) Kelly Black/White Print Wrap Dress
8) Juliette Cotton Market Skirt in Yellow
9) Eliza Blue/Purple Lace Dress
10) Josie Black/White Striped Lace Top
11) Juliette Cotton Market Skirt in Blue
12) Josie Sweater Dress in Beige Knit
13) Odette Sweetheart Neckline Retro Print Dress
14) Sandra Polka Dot Sundress in Blue

●●●●●●●●●●●●●●●●●●●●●●●●●●●●●●●●●●●●●●●●●●●●●●●●●●●●●●●●●●●●●●●

SIZING

Bust; Waist; Hip
XS ----- 32, 26, 34
S ----- 34, 28, 36
M ----- 36, 30, 38
L ----- 38, 32, 40 
XL ----- 40, 34, 42

Many of my items include spandex and can therefore accommodate slightly larger or smaller body measurements. Please use these body measurements as a general outline :)

●●●●●●●●●●●●●●●●●●●●●●●●●●●●●●●●●●●●●●●●●●●●●●●●●●●●●●●●●●●●●●●

●● MAILING LIST ●● 
Convo us your email address to receive occasional newsletters with exclusive discounts!

POLICIES PAGE
https://www.etsy.com/shop/Kulayan/policy?ref=shopinfo_policies_leftnav

BROWSE THE REST OF OUR SHOP HERE:
https://www.etsy.com/shop/Kulayan?ref=si_shop",250,USD,1,"Clothing,Dress,Women,clearance,wholesale,sample_sale,organic,xs_xsmall,bulk_listing,dress,eco_friendly,bamboo,hoodie,floral,blouse,summer_style","cotton,jersey,elastic,buttons,zipper",https://img1.etsystatic.com/022/0/5635488/il_fullxfull.493379707_ksku.jpg,https://img1.etsystatic.com/022/0/5635488/il_fullxfull.493379723_2klw.jpg,https://img0.etsystatic.com/018/0/5635488/il_fullxfull.493323874_ejzj.jpg,https://img1.etsystatic.com/018/0/5635488/il_fullxfull.493379779_5zze.jpg,https://img0.etsystatic.com/018/0/5635488/il_fullxfull.493323906_1lf6.jpg
"SALE - Beaded Layered Long Opera Necklace Bright Rainbow Colors Solid Statement Necklace Summer, All Colors Available","Shop Policies: 
https://www.etsy.com/shop/Kulayan/policy?ref=shopinfo_policies_leftnav 
 
♥ Originally $60, now $45 ♥

This is a stunning beaded necklace that is sure to spice up a casual outfit, or complete that date night outfit! With a slight shine, this piece is super eye catching and unique! Wear it as is, or roll up the back of the necklace to create a necktie effect. Use 2 colors for a more of statement!

●●●●●●●●●●●●●●●●●●●●●●●●●●●●●●●●●●●●●●●●●●●●●●●●●●●●●●●●●●●●●●

●● MAILING LIST ●● 
Convo us your email address to receive occasional newsletters with exclusive discounts!

POLICIES PAGE
https://www.etsy.com/shop/Kulayan/policy?ref=shopinfo_policies_leftnav

BROWSE THE REST OF OUR SHOP HERE:
https://www.etsy.com/shop/Kulayan?ref=si_shop",45,USD,6,"Jewelry,Necklace,Beaded,statement,layered,strands,yellow,neon,unique,cool_fresh,long,multi_layer,beaded,wrapped,opera_necklace,sale","beads,thread",https://img1.etsystatic.com/009/0/5635488/il_fullxfull.419046241_hzg7.jpg,https://img0.etsystatic.com/016/0/5635488/il_fullxfull.419037070_rb2f.jpg,https://img1.etsystatic.com/010/0/5635488/il_fullxfull.419043699_doiv.jpg,https://img0.etsystatic.com/010/0/5635488/il_fullxfull.419041042_92mv.jpg,,Color,Color,"Gold,Orange,Yellow,Copper"
"LARGE - Sample Sale, Wholesale Bulk Lot Listing in size LARGE - Dresses, Tops, Skirts, Jackets, 9 Pieces Included","Shop Policies: 
https://www.etsy.com/shop/Kulayan/policy?ref=shopinfo_policies_leftnav 

♥ Bulk Sample Sale Listing in Size LARGE ♥

This listing includes all 9 pieces listed below

--- ITEMS INCLUDED --

1) Marina Tshirt Dress in Denim Blue with Blue/Purple Cotton Floral Trim
2) Josie Sweater Dress in Light Denim Blue with Black Lace Inserts
3) Becky Blue Jersey Halter Maxi Dress 
4) Lisa Lace Tank Top in Pink
5) Lisa Lace Tank Top in Purple
6) Eliza Green Lace Dress Lined in Black Jersey
7) Juliette Cotton Market Skirt in Yellow
8) Juliette Cotton Market Skirt in Red
9) Kelly Black/White Graffiti Print Wrap Dress

●●●●●●●●●●●●●●●●●●●●●●●●●●●●●●●●●●●●●●●●●●●●●●●●●●●●●●●●●●●●●●●

SIZING

Bust; Waist; Hip
XS ----- 32, 26, 34
S ----- 34, 28, 36
M ----- 36, 30, 38
L ----- 38, 32, 40 
XL ----- 40, 34, 42

Many of my items include spandex and can therefore accommodate slightly larger or smaller body measurements. Please use these body measurements as a general outline :)

●●●●●●●●●●●●●●●●●●●●●●●●●●●●●●●●●●●●●●●●●●●●●●●●●●●●●●●●●●●●●●●

●● MAILING LIST ●● 
Convo us your email address to receive occasional newsletters with exclusive discounts!

POLICIES PAGE
https://www.etsy.com/shop/Kulayan/policy?ref=shopinfo_policies_leftnav

BROWSE THE REST OF OUR SHOP HERE:
https://www.etsy.com/shop/Kulayan?ref=si_shop",175,USD,1,"Clothing,Dress,Women,clearance,wholesale,sample_sale,bulk_listing,dress,blouse,summer_style,dresses,lace,colorblock,large,jacket,cotton","cotton,jersey,elastic,buttons,zipper",https://img0.etsystatic.com/034/0/5635488/il_fullxfull.514648266_mfpd.jpg,https://img1.etsystatic.com/043/0/5635488/il_fullxfull.514712349_fwvp.jpg,https://img1.etsystatic.com/024/0/5635488/il_fullxfull.514712367_banf.jpg,https://img0.etsystatic.com/020/0/5635488/il_fullxfull.514648294_44cg.jpg,https://img0.etsystatic.com/024/0/5635488/il_fullxfull.514648302_7j7k.jpg
"SALE - Flared Cotton Skirt, Womens Market Skirt Blue Red Full Aline Knee Length Pockets - JULIETTE","Shop Policies: 
https://www.etsy.com/shop/Kulayan/policy?ref=shopinfo_policies_leftnav 

Originally $50, now $30  
✦ Selling the last of my stock! This design will not be reproduced! ✦

The Juliette is a staple cotton skirt. Made with 100% cotton, it features an elastic waist and 2 side seam pockets. Wear it to the Farmers Market or to a brunch date out with the girls!

Red is available in XS
Blue is available in S

●●●●●●●●●●●●●●●●●●●●●●●●●●●●●●●●●●●●●●●●●●●●●●●●●●●●●●●●●●●●●●

SIZING

Bust; Waist; Hip
XS ----- 32, 26, 34
S ----- 34, 28, 36
M ----- 36, 30, 38
L ----- 38, 32, 40 
XL ----- 40, 34, 42

Many of my items include spandex and can therefore accommodate slightly larger or smaller body measurements. Please use these body measurements as a general outline :)

●●●●●●●●●●●●●●●●●●●●●●●●●●●●●●●●●●●●●●●●●●●●●●●●●●●●●●●●●●●●●●

●● MAILING LIST ●● 
Convo us your email address to receive occasional newsletters with exclusive discounts!

POLICIES PAGE
https://www.etsy.com/shop/Kulayan/policy?ref=shopinfo_policies_leftnav

BROWSE THE REST OF OUR SHOP HERE:
https://www.etsy.com/shop/Kulayan?ref=si_shop",30,USD,5,"Clothing,Skirt,Aline,flared,aline,knee_length,full,sale,womens_skirt,cotton_skirt,market_skirt,casual_summer_skirt,red_skirt,blue_skirt,solid_color,basic_and_classic","cotton,thread,elastic",https://img0.etsystatic.com/002/0/5635488/il_fullxfull.396424262_m9dk.jpg,https://img0.etsystatic.com/007/0/5635488/il_fullxfull.393109424_mhqq.jpg,https://img0.etsystatic.com/008/0/5635488/il_fullxfull.374584766_gsit.jpg,,,Color,Color,"Blue,Red",Size,Size,"XS,S"
"SALE - Woven Navy Pencil Skirt, Striped Fabric, Exposed Gold Zipper, Fall Look, Red Print, Rainbow Summer Style Also - ROSA","Shop Policies: 
https://www.etsy.com/shop/Kulayan/policy?ref=shopinfo_policies_leftnav 

Originally $60, now on Sale for $35 
✦ Selling the last of my stock! This design will not be reproduced! ✦

The Rosa pencil skirt is made with a gorgeous medium weight textured woven fabric. It features an exposed gold zipper and is fully lined in cotton voile. This skirt is a great transition piece into Fall and back into Spring for next year!

Blue Colorway is only available in size M  
Rainbow Colorway is available in XS, S, L or XL

●●●●●●●●●●●●●●●●●●●●●●●●●●●●●●●●●●●●●●●●●●●●●●●●●●●●●●●●●●●●●●

SIZING

Bust (NOT Bra Size); Waist; Hip
XS ----- 32, 26, 34
S ----- 34, 28, 36
M ----- 36, 30, 38
L ----- 38, 32, 40 
XL ----- 40, 34, 42

Many of my items include spandex and can therefore accommodate slightly larger or smaller body measurements. Please use these body measurements as a general outline :)

●●●●●●●●●●●●●●●●●●●●●●●●●●●●●●●●●●●●●●●●●●●●●●●●●●●●●●●●●●●●●●

●● MAILING LIST ●● 
Convo us your email address to receive occasional newsletters with exclusive discounts!

POLICIES PAGE
https://www.etsy.com/shop/Kulayan/policy?ref=shopinfo_policies_leftnav

BROWSE THE REST OF OUR SHOP HERE:
https://www.etsy.com/shop/Kulayan?ref=si_shop",35,USD,6,"Clothing,Skirt,Pencil,gold_zipper,pencil_skirt,womens_skirt,chic,preppy,high_waisted,woven_cotton,navy_blue,sale,striped_skirt,woven_skirt,womens_pencil_skirt,mini_skirt","cotton,zipper,thread,woven fabric",https://img0.etsystatic.com/004/1/5635488/il_fullxfull.392928770_jz0u.jpg,https://img1.etsystatic.com/005/0/5635488/il_fullxfull.392925089_m7at.jpg,https://img1.etsystatic.com/001/0/5635488/il_fullxfull.392925049_8dea.jpg,https://img1.etsystatic.com/006/0/5635488/il_fullxfull.392925007_7bt8.jpg,https://img1.etsystatic.com/001/0/5635488/il_fullxfull.392927257_3opp.jpg,Color,Color,"Rainbow,Blue",Size,Size,"XS,S,M,L,XL"
